fecha,anio,mes,provincia,empleo_registrado,sector,fuente
2025-07-01,2025,7,Capital Federal,99391,HyG,SIPA-AFIP/OEDE
2025-07-01,2025,7,Catamarca,1548,HyG,SIPA-AFIP/OEDE
2025-07-01,2025,7,Chaco,1335,HyG,SIPA-AFIP/OEDE
2025-07-01,2025,7,Chubut,3502,HyG,SIPA-AFIP/OEDE
2025-07-01,2025,7,Cordoba,21985,HyG,SIPA-AFIP/OEDE
2025-07-01,2025,7,Corrientes,3710,HyG,SIPA-AFIP/OEDE
2025-07-01,2025,7,Entre Rios,3954,HyG,SIPA-AFIP/OEDE
2025-07-01,2025,7,Formosa,767,HyG,SIPA-AFIP/OEDE
2025-07-01,2025,7,Jujuy,1918,HyG,SIPA-AFIP/OEDE
2025-07-01,2025,7,La Pampa,1046,HyG,SIPA-AFIP/OEDE
2025-07-01,2025,7,La Rioja,1100,HyG,SIPA-AFIP/OEDE
2025-07-01,2025,7,Mendoza,13162,HyG,SIPA-AFIP/OEDE
2025-07-01,2025,7,Misiones,4273,HyG,SIPA-AFIP/OEDE
2025-07-01,2025,7,Neuquen,9669,HyG,SIPA-AFIP/OEDE
2025-07-01,2025,7,Partidos de GBA,52157,HyG,SIPA-AFIP/OEDE
2025-07-01,2025,7,Resto de Buenos Aires,36275,HyG,SIPA-AFIP/OEDE
2025-07-01,2025,7,Rio Negro,9809,HyG,SIPA-AFIP/OEDE
2025-07-01,2025,7,Salta,6003,HyG,SIPA-AFIP/OEDE
2025-07-01,2025,7,San Juan,2691,HyG,SIPA-AFIP/OEDE
2025-07-01,2025,7,San Luis,1765,HyG,SIPA-AFIP/OEDE
2025-07-01,2025,7,Santa Cruz,4143,HyG,SIPA-AFIP/OEDE
2025-07-01,2025,7,Santa Fe,15022,HyG,SIPA-AFIP/OEDE
2025-07-01,2025,7,Santiago del Estero,3387,HyG,SIPA-AFIP/OEDE
2025-07-01,2025,7,Tierra del Fuego,3161,HyG,SIPA-AFIP/OEDE
2025-07-01,2025,7,Tucuman,5234,HyG,SIPA-AFIP/OEDE
2025-04-01,2025,4,Capital Federal,99830,HyG,SIPA-AFIP/OEDE
2025-04-01,2025,4,Catamarca,1528,HyG,SIPA-AFIP/OEDE
2025-04-01,2025,4,Chaco,1334,HyG,SIPA-AFIP/OEDE
2025-04-01,2025,4,Chubut,3558,HyG,SIPA-AFIP/OEDE
2025-04-01,2025,4,Cordoba,21987,HyG,SIPA-AFIP/OEDE
2025-04-01,2025,4,Corrientes,3763,HyG,SIPA-AFIP/OEDE
2025-04-01,2025,4,Entre Rios,4061,HyG,SIPA-AFIP/OEDE
2025-04-01,2025,4,Formosa,784,HyG,SIPA-AFIP/OEDE
2025-04-01,2025,4,Jujuy,1934,HyG,SIPA-AFIP/OEDE
2025-04-01,2025,4,La Pampa,1083,HyG,SIPA-AFIP/OEDE
2025-04-01,2025,4,La Rioja,1156,HyG,SIPA-AFIP/OEDE
2025-04-01,2025,4,Mendoza,13222,HyG,SIPA-AFIP/OEDE
2025-04-01,2025,4,Misiones,4528,HyG,SIPA-AFIP/OEDE
2025-04-01,2025,4,Neuquen,9384,HyG,SIPA-AFIP/OEDE
2025-04-01,2025,4,Partidos de GBA,51081,HyG,SIPA-AFIP/OEDE
2025-04-01,2025,4,Resto de Buenos Aires,36746,HyG,SIPA-AFIP/OEDE
2025-04-01,2025,4,Rio Negro,9157,HyG,SIPA-AFIP/OEDE
2025-04-01,2025,4,Salta,6082,HyG,SIPA-AFIP/OEDE
2025-04-01,2025,4,San Juan,2718,HyG,SIPA-AFIP/OEDE
2025-04-01,2025,4,San Luis,1781,HyG,SIPA-AFIP/OEDE
2025-04-01,2025,4,Santa Cruz,4280,HyG,SIPA-AFIP/OEDE
2025-04-01,2025,4,Santa Fe,14870,HyG,SIPA-AFIP/OEDE
2025-04-01,2025,4,Santiago del Estero,3145,HyG,SIPA-AFIP/OEDE
2025-04-01,2025,4,Tierra del Fuego,3153,HyG,SIPA-AFIP/OEDE
2025-04-01,2025,4,Tucuman,5187,HyG,SIPA-AFIP/OEDE
2025-01-01,2025,1,Capital Federal,100595,HyG,SIPA-AFIP/OEDE
2025-01-01,2025,1,Catamarca,4212,HyG,SIPA-AFIP/OEDE
2025-01-01,2025,1,Chaco,1362,HyG,SIPA-AFIP/OEDE
2025-01-01,2025,1,Chubut,3939,HyG,SIPA-AFIP/OEDE
2025-01-01,2025,1,Cordoba,24584,HyG,SIPA-AFIP/OEDE
2025-01-01,2025,1,Corrientes,3782,HyG,SIPA-AFIP/OEDE
2025-01-01,2025,1,Entre Rios,4412,HyG,SIPA-AFIP/OEDE
2025-01-01,2025,1,Formosa,826,HyG,SIPA-AFIP/OEDE
2025-01-01,2025,1,Jujuy,2138,HyG,SIPA-AFIP/OEDE
2025-01-01,2025,1,La Pampa,1057,HyG,SIPA-AFIP/OEDE
2025-01-01,2025,1,La Rioja,1176,HyG,SIPA-AFIP/OEDE
2025-01-01,2025,1,Mendoza,13547,HyG,SIPA-AFIP/OEDE
2025-01-01,2025,1,Misiones,4838,HyG,SIPA-AFIP/OEDE
2025-01-01,2025,1,Neuquen,10105,HyG,SIPA-AFIP/OEDE
2025-01-01,2025,1,Partidos de GBA,51663,HyG,SIPA-AFIP/OEDE
2025-01-01,2025,1,Resto de Buenos Aires,46488,HyG,SIPA-AFIP/OEDE
2025-01-01,2025,1,Rio Negro,10435,HyG,SIPA-AFIP/OEDE
2025-01-01,2025,1,Salta,6325,HyG,SIPA-AFIP/OEDE
2025-01-01,2025,1,San Juan,2919,HyG,SIPA-AFIP/OEDE
2025-01-01,2025,1,San Luis,1927,HyG,SIPA-AFIP/OEDE
2025-01-01,2025,1,Santa Cruz,5192,HyG,SIPA-AFIP/OEDE
2025-01-01,2025,1,Santa Fe,15138,HyG,SIPA-AFIP/OEDE
2025-01-01,2025,1,Santiago del Estero,3012,HyG,SIPA-AFIP/OEDE
2025-01-01,2025,1,Tierra del Fuego,3425,HyG,SIPA-AFIP/OEDE
2025-01-01,2025,1,Tucuman,5190,HyG,SIPA-AFIP/OEDE
2024-10-01,2024,10,Capital Federal,102439,HyG,SIPA-AFIP/OEDE
2024-10-01,2024,10,Catamarca,1593,HyG,SIPA-AFIP/OEDE
2024-10-01,2024,10,Chaco,1382,HyG,SIPA-AFIP/OEDE
2024-10-01,2024,10,Chubut,3890,HyG,SIPA-AFIP/OEDE
2024-10-01,2024,10,Cordoba,22279,HyG,SIPA-AFIP/OEDE
2024-10-01,2024,10,Corrientes,3916,HyG,SIPA-AFIP/OEDE
2024-10-01,2024,10,Entre Rios,4416,HyG,SIPA-AFIP/OEDE
2024-10-01,2024,10,Formosa,955,HyG,SIPA-AFIP/OEDE
2024-10-01,2024,10,Jujuy,1984,HyG,SIPA-AFIP/OEDE
2024-10-01,2024,10,La Pampa,1086,HyG,SIPA-AFIP/OEDE
2024-10-01,2024,10,La Rioja,1141,HyG,SIPA-AFIP/OEDE
2024-10-01,2024,10,Mendoza,13797,HyG,SIPA-AFIP/OEDE
2024-10-01,2024,10,Misiones,4952,HyG,SIPA-AFIP/OEDE
2024-10-01,2024,10,Neuquen,9385,HyG,SIPA-AFIP/OEDE
2024-10-01,2024,10,Partidos de GBA,50565,HyG,SIPA-AFIP/OEDE
2024-10-01,2024,10,Resto de Buenos Aires,39161,HyG,SIPA-AFIP/OEDE
2024-10-01,2024,10,Rio Negro,9831,HyG,SIPA-AFIP/OEDE
2024-10-01,2024,10,Salta,6433,HyG,SIPA-AFIP/OEDE
2024-10-01,2024,10,San Juan,2799,HyG,SIPA-AFIP/OEDE
2024-10-01,2024,10,San Luis,1865,HyG,SIPA-AFIP/OEDE
2024-10-01,2024,10,Santa Cruz,5193,HyG,SIPA-AFIP/OEDE
2024-10-01,2024,10,Santa Fe,15273,HyG,SIPA-AFIP/OEDE
2024-10-01,2024,10,Santiago del Estero,3026,HyG,SIPA-AFIP/OEDE
2024-10-01,2024,10,Tierra del Fuego,3525,HyG,SIPA-AFIP/OEDE
2024-10-01,2024,10,Tucuman,5124,HyG,SIPA-AFIP/OEDE
2024-07-01,2024,7,Capital Federal,99670,HyG,SIPA-AFIP/OEDE
2024-07-01,2024,7,Catamarca,1534,HyG,SIPA-AFIP/OEDE
2024-07-01,2024,7,Chaco,1376,HyG,SIPA-AFIP/OEDE
2024-07-01,2024,7,Chubut,3685,HyG,SIPA-AFIP/OEDE
2024-07-01,2024,7,Cordoba,22032,HyG,SIPA-AFIP/OEDE
2024-07-01,2024,7,Corrientes,3826,HyG,SIPA-AFIP/OEDE
2024-07-01,2024,7,Entre Rios,4235,HyG,SIPA-AFIP/OEDE
2024-07-01,2024,7,Formosa,845,HyG,SIPA-AFIP/OEDE
2024-07-01,2024,7,Jujuy,1921,HyG,SIPA-AFIP/OEDE
2024-07-01,2024,7,La Pampa,1085,HyG,SIPA-AFIP/OEDE
2024-07-01,2024,7,La Rioja,1115,HyG,SIPA-AFIP/OEDE
2024-07-01,2024,7,Mendoza,14076,HyG,SIPA-AFIP/OEDE
2024-07-01,2024,7,Misiones,4719,HyG,SIPA-AFIP/OEDE
2024-07-01,2024,7,Neuquen,9286,HyG,SIPA-AFIP/OEDE
2024-07-01,2024,7,Partidos de GBA,49385,HyG,SIPA-AFIP/OEDE
2024-07-01,2024,7,Resto de Buenos Aires,35534,HyG,SIPA-AFIP/OEDE
2024-07-01,2024,7,Rio Negro,10077,HyG,SIPA-AFIP/OEDE
2024-07-01,2024,7,Salta,6547,HyG,SIPA-AFIP/OEDE
2024-07-01,2024,7,San Juan,2614,HyG,SIPA-AFIP/OEDE
2024-07-01,2024,7,San Luis,1912,HyG,SIPA-AFIP/OEDE
2024-07-01,2024,7,Santa Cruz,4367,HyG,SIPA-AFIP/OEDE
2024-07-01,2024,7,Santa Fe,15035,HyG,SIPA-AFIP/OEDE
2024-07-01,2024,7,Santiago del Estero,3358,HyG,SIPA-AFIP/OEDE
2024-07-01,2024,7,Tierra del Fuego,3514,HyG,SIPA-AFIP/OEDE
2024-07-01,2024,7,Tucuman,5031,HyG,SIPA-AFIP/OEDE
2024-04-01,2024,4,Capital Federal,99242,HyG,SIPA-AFIP/OEDE
2024-04-01,2024,4,Catamarca,1601,HyG,SIPA-AFIP/OEDE
2024-04-01,2024,4,Chaco,1391,HyG,SIPA-AFIP/OEDE
2024-04-01,2024,4,Chubut,3628,HyG,SIPA-AFIP/OEDE
2024-04-01,2024,4,Cordoba,22125,HyG,SIPA-AFIP/OEDE
2024-04-01,2024,4,Corrientes,3913,HyG,SIPA-AFIP/OEDE
2024-04-01,2024,4,Entre Rios,4358,HyG,SIPA-AFIP/OEDE
2024-04-01,2024,4,Formosa,853,HyG,SIPA-AFIP/OEDE
2024-04-01,2024,4,Jujuy,1972,HyG,SIPA-AFIP/OEDE
2024-04-01,2024,4,La Pampa,1145,HyG,SIPA-AFIP/OEDE
2024-04-01,2024,4,La Rioja,1154,HyG,SIPA-AFIP/OEDE
2024-04-01,2024,4,Mendoza,14146,HyG,SIPA-AFIP/OEDE
2024-04-01,2024,4,Misiones,4867,HyG,SIPA-AFIP/OEDE
2024-04-01,2024,4,Neuquen,8892,HyG,SIPA-AFIP/OEDE
2024-04-01,2024,4,Partidos de GBA,50113,HyG,SIPA-AFIP/OEDE
2024-04-01,2024,4,Resto de Buenos Aires,36182,HyG,SIPA-AFIP/OEDE
2024-04-01,2024,4,Rio Negro,9333,HyG,SIPA-AFIP/OEDE
2024-04-01,2024,4,Salta,6479,HyG,SIPA-AFIP/OEDE
2024-04-01,2024,4,San Juan,2818,HyG,SIPA-AFIP/OEDE
2024-04-01,2024,4,San Luis,1927,HyG,SIPA-AFIP/OEDE
2024-04-01,2024,4,Santa Cruz,4491,HyG,SIPA-AFIP/OEDE
2024-04-01,2024,4,Santa Fe,15329,HyG,SIPA-AFIP/OEDE
2024-04-01,2024,4,Santiago del Estero,3067,HyG,SIPA-AFIP/OEDE
2024-04-01,2024,4,Tierra del Fuego,3382,HyG,SIPA-AFIP/OEDE
2024-04-01,2024,4,Tucuman,5033,HyG,SIPA-AFIP/OEDE
2024-01-01,2024,1,Capital Federal,100348,HyG,SIPA-AFIP/OEDE
2024-01-01,2024,1,Catamarca,1647,HyG,SIPA-AFIP/OEDE
2024-01-01,2024,1,Chaco,1462,HyG,SIPA-AFIP/OEDE
2024-01-01,2024,1,Chubut,4001,HyG,SIPA-AFIP/OEDE
2024-01-01,2024,1,Cordoba,24772,HyG,SIPA-AFIP/OEDE
2024-01-01,2024,1,Corrientes,3998,HyG,SIPA-AFIP/OEDE
2024-01-01,2024,1,Entre Rios,4735,HyG,SIPA-AFIP/OEDE
2024-01-01,2024,1,Formosa,907,HyG,SIPA-AFIP/OEDE
2024-01-01,2024,1,Jujuy,2094,HyG,SIPA-AFIP/OEDE
2024-01-01,2024,1,La Pampa,1254,HyG,SIPA-AFIP/OEDE
2024-01-01,2024,1,La Rioja,1221,HyG,SIPA-AFIP/OEDE
2024-01-01,2024,1,Mendoza,14469,HyG,SIPA-AFIP/OEDE
2024-01-01,2024,1,Misiones,5326,HyG,SIPA-AFIP/OEDE
2024-01-01,2024,1,Neuquen,9525,HyG,SIPA-AFIP/OEDE
2024-01-01,2024,1,Partidos de GBA,53085,HyG,SIPA-AFIP/OEDE
2024-01-01,2024,1,Resto de Buenos Aires,46291,HyG,SIPA-AFIP/OEDE
2024-01-01,2024,1,Rio Negro,10462,HyG,SIPA-AFIP/OEDE
2024-01-01,2024,1,Salta,6628,HyG,SIPA-AFIP/OEDE
2024-01-01,2024,1,San Juan,3092,HyG,SIPA-AFIP/OEDE
2024-01-01,2024,1,San Luis,2085,HyG,SIPA-AFIP/OEDE
2024-01-01,2024,1,Santa Cruz,5407,HyG,SIPA-AFIP/OEDE
2024-01-01,2024,1,Santa Fe,16153,HyG,SIPA-AFIP/OEDE
2024-01-01,2024,1,Santiago del Estero,2913,HyG,SIPA-AFIP/OEDE
2024-01-01,2024,1,Tierra del Fuego,3718,HyG,SIPA-AFIP/OEDE
2024-01-01,2024,1,Tucuman,5235,HyG,SIPA-AFIP/OEDE
2023-10-01,2023,10,Capital Federal,101229,HyG,SIPA-AFIP/OEDE
2023-10-01,2023,10,Catamarca,1607,HyG,SIPA-AFIP/OEDE
2023-10-01,2023,10,Chaco,1466,HyG,SIPA-AFIP/OEDE
2023-10-01,2023,10,Chubut,3973,HyG,SIPA-AFIP/OEDE
2023-10-01,2023,10,Cordoba,23243,HyG,SIPA-AFIP/OEDE
2023-10-01,2023,10,Corrientes,4061,HyG,SIPA-AFIP/OEDE
2023-10-01,2023,10,Entre Rios,4653,HyG,SIPA-AFIP/OEDE
2023-10-01,2023,10,Formosa,948,HyG,SIPA-AFIP/OEDE
2023-10-01,2023,10,Jujuy,2118,HyG,SIPA-AFIP/OEDE
2023-10-01,2023,10,La Pampa,1288,HyG,SIPA-AFIP/OEDE
2023-10-01,2023,10,La Rioja,1289,HyG,SIPA-AFIP/OEDE
2023-10-01,2023,10,Mendoza,14284,HyG,SIPA-AFIP/OEDE
2023-10-01,2023,10,Misiones,5473,HyG,SIPA-AFIP/OEDE
2023-10-01,2023,10,Neuquen,9127,HyG,SIPA-AFIP/OEDE
2023-10-01,2023,10,Partidos de GBA,53608,HyG,SIPA-AFIP/OEDE
2023-10-01,2023,10,Resto de Buenos Aires,40438,HyG,SIPA-AFIP/OEDE
2023-10-01,2023,10,Rio Negro,10260,HyG,SIPA-AFIP/OEDE
2023-10-01,2023,10,Salta,6562,HyG,SIPA-AFIP/OEDE
2023-10-01,2023,10,San Juan,3066,HyG,SIPA-AFIP/OEDE
2023-10-01,2023,10,San Luis,2050,HyG,SIPA-AFIP/OEDE
2023-10-01,2023,10,Santa Cruz,5328,HyG,SIPA-AFIP/OEDE
2023-10-01,2023,10,Santa Fe,16567,HyG,SIPA-AFIP/OEDE
2023-10-01,2023,10,Santiago del Estero,2896,HyG,SIPA-AFIP/OEDE
2023-10-01,2023,10,Tierra del Fuego,3814,HyG,SIPA-AFIP/OEDE
2023-10-01,2023,10,Tucuman,5250,HyG,SIPA-AFIP/OEDE
2023-07-01,2023,7,Capital Federal,99281,HyG,SIPA-AFIP/OEDE
2023-07-01,2023,7,Catamarca,1616,HyG,SIPA-AFIP/OEDE
2023-07-01,2023,7,Chaco,1407,HyG,SIPA-AFIP/OEDE
2023-07-01,2023,7,Chubut,3796,HyG,SIPA-AFIP/OEDE
2023-07-01,2023,7,Cordoba,22210,HyG,SIPA-AFIP/OEDE
2023-07-01,2023,7,Corrientes,3823,HyG,SIPA-AFIP/OEDE
2023-07-01,2023,7,Entre Rios,4513,HyG,SIPA-AFIP/OEDE
2023-07-01,2023,7,Formosa,963,HyG,SIPA-AFIP/OEDE
2023-07-01,2023,7,Jujuy,2125,HyG,SIPA-AFIP/OEDE
2023-07-01,2023,7,La Pampa,1266,HyG,SIPA-AFIP/OEDE
2023-07-01,2023,7,La Rioja,1328,HyG,SIPA-AFIP/OEDE
2023-07-01,2023,7,Mendoza,14477,HyG,SIPA-AFIP/OEDE
2023-07-01,2023,7,Misiones,5343,HyG,SIPA-AFIP/OEDE
2023-07-01,2023,7,Neuquen,9292,HyG,SIPA-AFIP/OEDE
2023-07-01,2023,7,Partidos de GBA,52864,HyG,SIPA-AFIP/OEDE
2023-07-01,2023,7,Resto de Buenos Aires,37089,HyG,SIPA-AFIP/OEDE
2023-07-01,2023,7,Rio Negro,10093,HyG,SIPA-AFIP/OEDE
2023-07-01,2023,7,Salta,6503,HyG,SIPA-AFIP/OEDE
2023-07-01,2023,7,San Juan,2957,HyG,SIPA-AFIP/OEDE
2023-07-01,2023,7,San Luis,1999,HyG,SIPA-AFIP/OEDE
2023-07-01,2023,7,Santa Cruz,4437,HyG,SIPA-AFIP/OEDE
2023-07-01,2023,7,Santa Fe,16279,HyG,SIPA-AFIP/OEDE
2023-07-01,2023,7,Santiago del Estero,3331,HyG,SIPA-AFIP/OEDE
2023-07-01,2023,7,Tierra del Fuego,3669,HyG,SIPA-AFIP/OEDE
2023-07-01,2023,7,Tucuman,5255,HyG,SIPA-AFIP/OEDE
2023-04-01,2023,4,Capital Federal,98316,HyG,SIPA-AFIP/OEDE
2023-04-01,2023,4,Catamarca,1521,HyG,SIPA-AFIP/OEDE
2023-04-01,2023,4,Chaco,1351,HyG,SIPA-AFIP/OEDE
2023-04-01,2023,4,Chubut,3744,HyG,SIPA-AFIP/OEDE
2023-04-01,2023,4,Cordoba,22364,HyG,SIPA-AFIP/OEDE
2023-04-01,2023,4,Corrientes,3679,HyG,SIPA-AFIP/OEDE
2023-04-01,2023,4,Entre Rios,4423,HyG,SIPA-AFIP/OEDE
2023-04-01,2023,4,Formosa,596,HyG,SIPA-AFIP/OEDE
2023-04-01,2023,4,Jujuy,2092,HyG,SIPA-AFIP/OEDE
2023-04-01,2023,4,La Pampa,1273,HyG,SIPA-AFIP/OEDE
2023-04-01,2023,4,La Rioja,1303,HyG,SIPA-AFIP/OEDE
2023-04-01,2023,4,Mendoza,14376,HyG,SIPA-AFIP/OEDE
2023-04-01,2023,4,Misiones,5150,HyG,SIPA-AFIP/OEDE
2023-04-01,2023,4,Neuquen,8690,HyG,SIPA-AFIP/OEDE
2023-04-01,2023,4,Partidos de GBA,52815,HyG,SIPA-AFIP/OEDE
2023-04-01,2023,4,Resto de Buenos Aires,37232,HyG,SIPA-AFIP/OEDE
2023-04-01,2023,4,Rio Negro,9295,HyG,SIPA-AFIP/OEDE
2023-04-01,2023,4,Salta,6283,HyG,SIPA-AFIP/OEDE
2023-04-01,2023,4,San Juan,3185,HyG,SIPA-AFIP/OEDE
2023-04-01,2023,4,San Luis,2065,HyG,SIPA-AFIP/OEDE
2023-04-01,2023,4,Santa Cruz,4542,HyG,SIPA-AFIP/OEDE
2023-04-01,2023,4,Santa Fe,16366,HyG,SIPA-AFIP/OEDE
2023-04-01,2023,4,Santiago del Estero,3114,HyG,SIPA-AFIP/OEDE
2023-04-01,2023,4,Tierra del Fuego,3491,HyG,SIPA-AFIP/OEDE
2023-04-01,2023,4,Tucuman,5165,HyG,SIPA-AFIP/OEDE
2023-01-01,2023,1,Capital Federal,96919,HyG,SIPA-AFIP/OEDE
2023-01-01,2023,1,Catamarca,1463,HyG,SIPA-AFIP/OEDE
2023-01-01,2023,1,Chaco,1257,HyG,SIPA-AFIP/OEDE
2023-01-01,2023,1,Chubut,4198,HyG,SIPA-AFIP/OEDE
2023-01-01,2023,1,Cordoba,24903,HyG,SIPA-AFIP/OEDE
2023-01-01,2023,1,Corrientes,3759,HyG,SIPA-AFIP/OEDE
2023-01-01,2023,1,Entre Rios,4712,HyG,SIPA-AFIP/OEDE
2023-01-01,2023,1,Formosa,595,HyG,SIPA-AFIP/OEDE
2023-01-01,2023,1,Jujuy,2110,HyG,SIPA-AFIP/OEDE
2023-01-01,2023,1,La Pampa,1267,HyG,SIPA-AFIP/OEDE
2023-01-01,2023,1,La Rioja,1274,HyG,SIPA-AFIP/OEDE
2023-01-01,2023,1,Mendoza,14462,HyG,SIPA-AFIP/OEDE
2023-01-01,2023,1,Misiones,5230,HyG,SIPA-AFIP/OEDE
2023-01-01,2023,1,Neuquen,9195,HyG,SIPA-AFIP/OEDE
2023-01-01,2023,1,Partidos de GBA,52166,HyG,SIPA-AFIP/OEDE
2023-01-01,2023,1,Resto de Buenos Aires,47592,HyG,SIPA-AFIP/OEDE
2023-01-01,2023,1,Rio Negro,10059,HyG,SIPA-AFIP/OEDE
2023-01-01,2023,1,Salta,5986,HyG,SIPA-AFIP/OEDE
2023-01-01,2023,1,San Juan,3166,HyG,SIPA-AFIP/OEDE
2023-01-01,2023,1,San Luis,2304,HyG,SIPA-AFIP/OEDE
2023-01-01,2023,1,Santa Cruz,5275,HyG,SIPA-AFIP/OEDE
2023-01-01,2023,1,Santa Fe,16592,HyG,SIPA-AFIP/OEDE
2023-01-01,2023,1,Santiago del Estero,2841,HyG,SIPA-AFIP/OEDE
2023-01-01,2023,1,Tierra del Fuego,3568,HyG,SIPA-AFIP/OEDE
2023-01-01,2023,1,Tucuman,5116,HyG,SIPA-AFIP/OEDE
2022-10-01,2022,10,Capital Federal,95699,HyG,SIPA-AFIP/OEDE
2022-10-01,2022,10,Catamarca,1428,HyG,SIPA-AFIP/OEDE
2022-10-01,2022,10,Chaco,1330,HyG,SIPA-AFIP/OEDE
2022-10-01,2022,10,Chubut,3991,HyG,SIPA-AFIP/OEDE
2022-10-01,2022,10,Cordoba,21323,HyG,SIPA-AFIP/OEDE
2022-10-01,2022,10,Corrientes,3711,HyG,SIPA-AFIP/OEDE
2022-10-01,2022,10,Entre Rios,4463,HyG,SIPA-AFIP/OEDE
2022-10-01,2022,10,Formosa,625,HyG,SIPA-AFIP/OEDE
2022-10-01,2022,10,Jujuy,2054,HyG,SIPA-AFIP/OEDE
2022-10-01,2022,10,La Pampa,1195,HyG,SIPA-AFIP/OEDE
2022-10-01,2022,10,La Rioja,1239,HyG,SIPA-AFIP/OEDE
2022-10-01,2022,10,Mendoza,14317,HyG,SIPA-AFIP/OEDE
2022-10-01,2022,10,Misiones,5021,HyG,SIPA-AFIP/OEDE
2022-10-01,2022,10,Neuquen,8317,HyG,SIPA-AFIP/OEDE
2022-10-01,2022,10,Partidos de GBA,50228,HyG,SIPA-AFIP/OEDE
2022-10-01,2022,10,Resto de Buenos Aires,38974,HyG,SIPA-AFIP/OEDE
2022-10-01,2022,10,Rio Negro,9090,HyG,SIPA-AFIP/OEDE
2022-10-01,2022,10,Salta,5804,HyG,SIPA-AFIP/OEDE
2022-10-01,2022,10,San Juan,3397,HyG,SIPA-AFIP/OEDE
2022-10-01,2022,10,San Luis,2101,HyG,SIPA-AFIP/OEDE
2022-10-01,2022,10,Santa Cruz,5014,HyG,SIPA-AFIP/OEDE
2022-10-01,2022,10,Santa Fe,16134,HyG,SIPA-AFIP/OEDE
2022-10-01,2022,10,Santiago del Estero,2379,HyG,SIPA-AFIP/OEDE
2022-10-01,2022,10,Tierra del Fuego,3536,HyG,SIPA-AFIP/OEDE
2022-10-01,2022,10,Tucuman,5089,HyG,SIPA-AFIP/OEDE
2022-07-01,2022,7,Capital Federal,91305,HyG,SIPA-AFIP/OEDE
2022-07-01,2022,7,Catamarca,1514,HyG,SIPA-AFIP/OEDE
2022-07-01,2022,7,Chaco,1305,HyG,SIPA-AFIP/OEDE
2022-07-01,2022,7,Chubut,3712,HyG,SIPA-AFIP/OEDE
2022-07-01,2022,7,Cordoba,19908,HyG,SIPA-AFIP/OEDE
2022-07-01,2022,7,Corrientes,3474,HyG,SIPA-AFIP/OEDE
2022-07-01,2022,7,Entre Rios,3994,HyG,SIPA-AFIP/OEDE
2022-07-01,2022,7,Formosa,578,HyG,SIPA-AFIP/OEDE
2022-07-01,2022,7,Jujuy,1986,HyG,SIPA-AFIP/OEDE
2022-07-01,2022,7,La Pampa,1161,HyG,SIPA-AFIP/OEDE
2022-07-01,2022,7,La Rioja,1166,HyG,SIPA-AFIP/OEDE
2022-07-01,2022,7,Mendoza,14131,HyG,SIPA-AFIP/OEDE
2022-07-01,2022,7,Misiones,4713,HyG,SIPA-AFIP/OEDE
2022-07-01,2022,7,Neuquen,8100,HyG,SIPA-AFIP/OEDE
2022-07-01,2022,7,Partidos de GBA,47884,HyG,SIPA-AFIP/OEDE
2022-07-01,2022,7,Resto de Buenos Aires,35128,HyG,SIPA-AFIP/OEDE
2022-07-01,2022,7,Rio Negro,9230,HyG,SIPA-AFIP/OEDE
2022-07-01,2022,7,Salta,5566,HyG,SIPA-AFIP/OEDE
2022-07-01,2022,7,San Juan,2996,HyG,SIPA-AFIP/OEDE
2022-07-01,2022,7,San Luis,1974,HyG,SIPA-AFIP/OEDE
2022-07-01,2022,7,Santa Cruz,4074,HyG,SIPA-AFIP/OEDE
2022-07-01,2022,7,Santa Fe,15130,HyG,SIPA-AFIP/OEDE
2022-07-01,2022,7,Santiago del Estero,2686,HyG,SIPA-AFIP/OEDE
2022-07-01,2022,7,Tierra del Fuego,3376,HyG,SIPA-AFIP/OEDE
2022-07-01,2022,7,Tucuman,4967,HyG,SIPA-AFIP/OEDE
2022-04-01,2022,4,Capital Federal,85438,HyG,SIPA-AFIP/OEDE
2022-04-01,2022,4,Catamarca,1279,HyG,SIPA-AFIP/OEDE
2022-04-01,2022,4,Chaco,1277,HyG,SIPA-AFIP/OEDE
2022-04-01,2022,4,Chubut,3480,HyG,SIPA-AFIP/OEDE
2022-04-01,2022,4,Cordoba,18708,HyG,SIPA-AFIP/OEDE
2022-04-01,2022,4,Corrientes,3350,HyG,SIPA-AFIP/OEDE
2022-04-01,2022,4,Entre Rios,3853,HyG,SIPA-AFIP/OEDE
2022-04-01,2022,4,Formosa,506,HyG,SIPA-AFIP/OEDE
2022-04-01,2022,4,Jujuy,1904,HyG,SIPA-AFIP/OEDE
2022-04-01,2022,4,La Pampa,1114,HyG,SIPA-AFIP/OEDE
2022-04-01,2022,4,La Rioja,1081,HyG,SIPA-AFIP/OEDE
2022-04-01,2022,4,Mendoza,13434,HyG,SIPA-AFIP/OEDE
2022-04-01,2022,4,Misiones,4399,HyG,SIPA-AFIP/OEDE
2022-04-01,2022,4,Neuquen,7552,HyG,SIPA-AFIP/OEDE
2022-04-01,2022,4,Partidos de GBA,44531,HyG,SIPA-AFIP/OEDE
2022-04-01,2022,4,Resto de Buenos Aires,33958,HyG,SIPA-AFIP/OEDE
2022-04-01,2022,4,Rio Negro,8191,HyG,SIPA-AFIP/OEDE
2022-04-01,2022,4,Salta,5351,HyG,SIPA-AFIP/OEDE
2022-04-01,2022,4,San Juan,2998,HyG,SIPA-AFIP/OEDE
2022-04-01,2022,4,San Luis,1799,HyG,SIPA-AFIP/OEDE
2022-04-01,2022,4,Santa Cruz,4068,HyG,SIPA-AFIP/OEDE
2022-04-01,2022,4,Santa Fe,14906,HyG,SIPA-AFIP/OEDE
2022-04-01,2022,4,Santiago del Estero,2387,HyG,SIPA-AFIP/OEDE
2022-04-01,2022,4,Tierra del Fuego,3216,HyG,SIPA-AFIP/OEDE
2022-04-01,2022,4,Tucuman,4845,HyG,SIPA-AFIP/OEDE
2022-01-01,2022,1,Capital Federal,79664,HyG,SIPA-AFIP/OEDE
2022-01-01,2022,1,Catamarca,1169,HyG,SIPA-AFIP/OEDE
2022-01-01,2022,1,Chaco,1166,HyG,SIPA-AFIP/OEDE
2022-01-01,2022,1,Chubut,3686,HyG,SIPA-AFIP/OEDE
2022-01-01,2022,1,Cordoba,20614,HyG,SIPA-AFIP/OEDE
2022-01-01,2022,1,Corrientes,3272,HyG,SIPA-AFIP/OEDE
2022-01-01,2022,1,Entre Rios,4077,HyG,SIPA-AFIP/OEDE
2022-01-01,2022,1,Formosa,501,HyG,SIPA-AFIP/OEDE
2022-01-01,2022,1,Jujuy,1896,HyG,SIPA-AFIP/OEDE
2022-01-01,2022,1,La Pampa,1076,HyG,SIPA-AFIP/OEDE
2022-01-01,2022,1,La Rioja,1013,HyG,SIPA-AFIP/OEDE
2022-01-01,2022,1,Mendoza,12877,HyG,SIPA-AFIP/OEDE
2022-01-01,2022,1,Misiones,4430,HyG,SIPA-AFIP/OEDE
2022-01-01,2022,1,Neuquen,8070,HyG,SIPA-AFIP/OEDE
2022-01-01,2022,1,Partidos de GBA,42425,HyG,SIPA-AFIP/OEDE
2022-01-01,2022,1,Resto de Buenos Aires,42131,HyG,SIPA-AFIP/OEDE
2022-01-01,2022,1,Rio Negro,9036,HyG,SIPA-AFIP/OEDE
2022-01-01,2022,1,Salta,5015,HyG,SIPA-AFIP/OEDE
2022-01-01,2022,1,San Juan,2895,HyG,SIPA-AFIP/OEDE
2022-01-01,2022,1,San Luis,1907,HyG,SIPA-AFIP/OEDE
2022-01-01,2022,1,Santa Cruz,4588,HyG,SIPA-AFIP/OEDE
2022-01-01,2022,1,Santa Fe,14273,HyG,SIPA-AFIP/OEDE
2022-01-01,2022,1,Santiago del Estero,2036,HyG,SIPA-AFIP/OEDE
2022-01-01,2022,1,Tierra del Fuego,3075,HyG,SIPA-AFIP/OEDE
2022-01-01,2022,1,Tucuman,4600,HyG,SIPA-AFIP/OEDE
2021-10-01,2021,10,Capital Federal,75748,HyG,SIPA-AFIP/OEDE
2021-10-01,2021,10,Catamarca,1110,HyG,SIPA-AFIP/OEDE
2021-10-01,2021,10,Chaco,1162,HyG,SIPA-AFIP/OEDE
2021-10-01,2021,10,Chubut,3373,HyG,SIPA-AFIP/OEDE
2021-10-01,2021,10,Cordoba,17188,HyG,SIPA-AFIP/OEDE
2021-10-01,2021,10,Corrientes,3120,HyG,SIPA-AFIP/OEDE
2021-10-01,2021,10,Entre Rios,3593,HyG,SIPA-AFIP/OEDE
2021-10-01,2021,10,Formosa,510,HyG,SIPA-AFIP/OEDE
2021-10-01,2021,10,Jujuy,1760,HyG,SIPA-AFIP/OEDE
2021-10-01,2021,10,La Pampa,1017,HyG,SIPA-AFIP/OEDE
2021-10-01,2021,10,La Rioja,937,HyG,SIPA-AFIP/OEDE
2021-10-01,2021,10,Mendoza,11467,HyG,SIPA-AFIP/OEDE
2021-10-01,2021,10,Misiones,4303,HyG,SIPA-AFIP/OEDE
2021-10-01,2021,10,Neuquen,7064,HyG,SIPA-AFIP/OEDE
2021-10-01,2021,10,Partidos de GBA,40430,HyG,SIPA-AFIP/OEDE
2021-10-01,2021,10,Resto de Buenos Aires,31832,HyG,SIPA-AFIP/OEDE
2021-10-01,2021,10,Rio Negro,7614,HyG,SIPA-AFIP/OEDE
2021-10-01,2021,10,Salta,4797,HyG,SIPA-AFIP/OEDE
2021-10-01,2021,10,San Juan,2762,HyG,SIPA-AFIP/OEDE
2021-10-01,2021,10,San Luis,1570,HyG,SIPA-AFIP/OEDE
2021-10-01,2021,10,Santa Cruz,4038,HyG,SIPA-AFIP/OEDE
2021-10-01,2021,10,Santa Fe,13772,HyG,SIPA-AFIP/OEDE
2021-10-01,2021,10,Santiago del Estero,1890,HyG,SIPA-AFIP/OEDE
2021-10-01,2021,10,Tierra del Fuego,2814,HyG,SIPA-AFIP/OEDE
2021-10-01,2021,10,Tucuman,4468,HyG,SIPA-AFIP/OEDE
2021-07-01,2021,7,Capital Federal,69006,HyG,SIPA-AFIP/OEDE
2021-07-01,2021,7,Catamarca,954,HyG,SIPA-AFIP/OEDE
2021-07-01,2021,7,Chaco,1090,HyG,SIPA-AFIP/OEDE
2021-07-01,2021,7,Chubut,2998,HyG,SIPA-AFIP/OEDE
2021-07-01,2021,7,Cordoba,15093,HyG,SIPA-AFIP/OEDE
2021-07-01,2021,7,Corrientes,2942,HyG,SIPA-AFIP/OEDE
2021-07-01,2021,7,Entre Rios,3223,HyG,SIPA-AFIP/OEDE
2021-07-01,2021,7,Formosa,481,HyG,SIPA-AFIP/OEDE
2021-07-01,2021,7,Jujuy,1730,HyG,SIPA-AFIP/OEDE
2021-07-01,2021,7,La Pampa,966,HyG,SIPA-AFIP/OEDE
2021-07-01,2021,7,La Rioja,875,HyG,SIPA-AFIP/OEDE
2021-07-01,2021,7,Mendoza,10628,HyG,SIPA-AFIP/OEDE
2021-07-01,2021,7,Misiones,3732,HyG,SIPA-AFIP/OEDE
2021-07-01,2021,7,Neuquen,6605,HyG,SIPA-AFIP/OEDE
2021-07-01,2021,7,Partidos de GBA,37177,HyG,SIPA-AFIP/OEDE
2021-07-01,2021,7,Resto de Buenos Aires,26697,HyG,SIPA-AFIP/OEDE
2021-07-01,2021,7,Rio Negro,6549,HyG,SIPA-AFIP/OEDE
2021-07-01,2021,7,Salta,4557,HyG,SIPA-AFIP/OEDE
2021-07-01,2021,7,San Juan,2515,HyG,SIPA-AFIP/OEDE
2021-07-01,2021,7,San Luis,1445,HyG,SIPA-AFIP/OEDE
2021-07-01,2021,7,Santa Cruz,3334,HyG,SIPA-AFIP/OEDE
2021-07-01,2021,7,Santa Fe,12851,HyG,SIPA-AFIP/OEDE
2021-07-01,2021,7,Santiago del Estero,1928,HyG,SIPA-AFIP/OEDE
2021-07-01,2021,7,Tierra del Fuego,2605,HyG,SIPA-AFIP/OEDE
2021-07-01,2021,7,Tucuman,4359,HyG,SIPA-AFIP/OEDE
2021-04-01,2021,4,Capital Federal,67652,HyG,SIPA-AFIP/OEDE
2021-04-01,2021,4,Catamarca,948,HyG,SIPA-AFIP/OEDE
2021-04-01,2021,4,Chaco,1084,HyG,SIPA-AFIP/OEDE
2021-04-01,2021,4,Chubut,2891,HyG,SIPA-AFIP/OEDE
2021-04-01,2021,4,Cordoba,14781,HyG,SIPA-AFIP/OEDE
2021-04-01,2021,4,Corrientes,2968,HyG,SIPA-AFIP/OEDE
2021-04-01,2021,4,Entre Rios,3222,HyG,SIPA-AFIP/OEDE
2021-04-01,2021,4,Formosa,462,HyG,SIPA-AFIP/OEDE
2021-04-01,2021,4,Jujuy,1729,HyG,SIPA-AFIP/OEDE
2021-04-01,2021,4,La Pampa,987,HyG,SIPA-AFIP/OEDE
2021-04-01,2021,4,La Rioja,848,HyG,SIPA-AFIP/OEDE
2021-04-01,2021,4,Mendoza,10407,HyG,SIPA-AFIP/OEDE
2021-04-01,2021,4,Misiones,3619,HyG,SIPA-AFIP/OEDE
2021-04-01,2021,4,Neuquen,6172,HyG,SIPA-AFIP/OEDE
2021-04-01,2021,4,Partidos de GBA,36613,HyG,SIPA-AFIP/OEDE
2021-04-01,2021,4,Resto de Buenos Aires,26318,HyG,SIPA-AFIP/OEDE
2021-04-01,2021,4,Rio Negro,6310,HyG,SIPA-AFIP/OEDE
2021-04-01,2021,4,Salta,4485,HyG,SIPA-AFIP/OEDE
2021-04-01,2021,4,San Juan,2599,HyG,SIPA-AFIP/OEDE
2021-04-01,2021,4,San Luis,1476,HyG,SIPA-AFIP/OEDE
2021-04-01,2021,4,Santa Cruz,3312,HyG,SIPA-AFIP/OEDE
2021-04-01,2021,4,Santa Fe,12615,HyG,SIPA-AFIP/OEDE
2021-04-01,2021,4,Santiago del Estero,1700,HyG,SIPA-AFIP/OEDE
2021-04-01,2021,4,Tierra del Fuego,2349,HyG,SIPA-AFIP/OEDE
2021-04-01,2021,4,Tucuman,4381,HyG,SIPA-AFIP/OEDE
2021-01-01,2021,1,Capital Federal,71997,HyG,SIPA-AFIP/OEDE
2021-01-01,2021,1,Catamarca,1016,HyG,SIPA-AFIP/OEDE
2021-01-01,2021,1,Chaco,1145,HyG,SIPA-AFIP/OEDE
2021-01-01,2021,1,Chubut,3123,HyG,SIPA-AFIP/OEDE
2021-01-01,2021,1,Cordoba,16843,HyG,SIPA-AFIP/OEDE
2021-01-01,2021,1,Corrientes,3099,HyG,SIPA-AFIP/OEDE
2021-01-01,2021,1,Entre Rios,3531,HyG,SIPA-AFIP/OEDE
2021-01-01,2021,1,Formosa,469,HyG,SIPA-AFIP/OEDE
2021-01-01,2021,1,Jujuy,1744,HyG,SIPA-AFIP/OEDE
2021-01-01,2021,1,La Pampa,1004,HyG,SIPA-AFIP/OEDE
2021-01-01,2021,1,La Rioja,884,HyG,SIPA-AFIP/OEDE
2021-01-01,2021,1,Mendoza,10848,HyG,SIPA-AFIP/OEDE
2021-01-01,2021,1,Misiones,3718,HyG,SIPA-AFIP/OEDE
2021-01-01,2021,1,Neuquen,6529,HyG,SIPA-AFIP/OEDE
2021-01-01,2021,1,Partidos de GBA,38351,HyG,SIPA-AFIP/OEDE
2021-01-01,2021,1,Resto de Buenos Aires,33816,HyG,SIPA-AFIP/OEDE
2021-01-01,2021,1,Rio Negro,7172,HyG,SIPA-AFIP/OEDE
2021-01-01,2021,1,Salta,4625,HyG,SIPA-AFIP/OEDE
2021-01-01,2021,1,San Juan,2669,HyG,SIPA-AFIP/OEDE
2021-01-01,2021,1,San Luis,1692,HyG,SIPA-AFIP/OEDE
2021-01-01,2021,1,Santa Cruz,3460,HyG,SIPA-AFIP/OEDE
2021-01-01,2021,1,Santa Fe,13383,HyG,SIPA-AFIP/OEDE
2021-01-01,2021,1,Santiago del Estero,1687,HyG,SIPA-AFIP/OEDE
2021-01-01,2021,1,Tierra del Fuego,2415,HyG,SIPA-AFIP/OEDE
2021-01-01,2021,1,Tucuman,4671,HyG,SIPA-AFIP/OEDE
2020-10-01,2020,10,Capital Federal,73399,HyG,SIPA-AFIP/OEDE
2020-10-01,2020,10,Catamarca,928,HyG,SIPA-AFIP/OEDE
2020-10-01,2020,10,Chaco,1170,HyG,SIPA-AFIP/OEDE
2020-10-01,2020,10,Chubut,3052,HyG,SIPA-AFIP/OEDE
2020-10-01,2020,10,Cordoba,16025,HyG,SIPA-AFIP/OEDE
2020-10-01,2020,10,Corrientes,3221,HyG,SIPA-AFIP/OEDE
2020-10-01,2020,10,Entre Rios,3395,HyG,SIPA-AFIP/OEDE
2020-10-01,2020,10,Formosa,490,HyG,SIPA-AFIP/OEDE
2020-10-01,2020,10,Jujuy,1655,HyG,SIPA-AFIP/OEDE
2020-10-01,2020,10,La Pampa,979,HyG,SIPA-AFIP/OEDE
2020-10-01,2020,10,La Rioja,877,HyG,SIPA-AFIP/OEDE
2020-10-01,2020,10,Mendoza,10694,HyG,SIPA-AFIP/OEDE
2020-10-01,2020,10,Misiones,3751,HyG,SIPA-AFIP/OEDE
2020-10-01,2020,10,Neuquen,6213,HyG,SIPA-AFIP/OEDE
2020-10-01,2020,10,Partidos de GBA,38866,HyG,SIPA-AFIP/OEDE
2020-10-01,2020,10,Resto de Buenos Aires,29185,HyG,SIPA-AFIP/OEDE
2020-10-01,2020,10,Rio Negro,6290,HyG,SIPA-AFIP/OEDE
2020-10-01,2020,10,Salta,4781,HyG,SIPA-AFIP/OEDE
2020-10-01,2020,10,San Juan,2501,HyG,SIPA-AFIP/OEDE
2020-10-01,2020,10,San Luis,1652,HyG,SIPA-AFIP/OEDE
2020-10-01,2020,10,Santa Cruz,3252,HyG,SIPA-AFIP/OEDE
2020-10-01,2020,10,Santa Fe,13344,HyG,SIPA-AFIP/OEDE
2020-10-01,2020,10,Santiago del Estero,1725,HyG,SIPA-AFIP/OEDE
2020-10-01,2020,10,Tierra del Fuego,2388,HyG,SIPA-AFIP/OEDE
2020-10-01,2020,10,Tucuman,4698,HyG,SIPA-AFIP/OEDE
2020-07-01,2020,7,Capital Federal,75035,HyG,SIPA-AFIP/OEDE
2020-07-01,2020,7,Catamarca,942,HyG,SIPA-AFIP/OEDE
2020-07-01,2020,7,Chaco,1209,HyG,SIPA-AFIP/OEDE
2020-07-01,2020,7,Chubut,3048,HyG,SIPA-AFIP/OEDE
2020-07-01,2020,7,Cordoba,16579,HyG,SIPA-AFIP/OEDE
2020-07-01,2020,7,Corrientes,3242,HyG,SIPA-AFIP/OEDE
2020-07-01,2020,7,Entre Rios,3355,HyG,SIPA-AFIP/OEDE
2020-07-01,2020,7,Formosa,591,HyG,SIPA-AFIP/OEDE
2020-07-01,2020,7,Jujuy,1666,HyG,SIPA-AFIP/OEDE
2020-07-01,2020,7,La Pampa,992,HyG,SIPA-AFIP/OEDE
2020-07-01,2020,7,La Rioja,887,HyG,SIPA-AFIP/OEDE
2020-07-01,2020,7,Mendoza,10809,HyG,SIPA-AFIP/OEDE
2020-07-01,2020,7,Misiones,3843,HyG,SIPA-AFIP/OEDE
2020-07-01,2020,7,Neuquen,6118,HyG,SIPA-AFIP/OEDE
2020-07-01,2020,7,Partidos de GBA,39589,HyG,SIPA-AFIP/OEDE
2020-07-01,2020,7,Resto de Buenos Aires,28523,HyG,SIPA-AFIP/OEDE
2020-07-01,2020,7,Rio Negro,6274,HyG,SIPA-AFIP/OEDE
2020-07-01,2020,7,Salta,4875,HyG,SIPA-AFIP/OEDE
2020-07-01,2020,7,San Juan,2386,HyG,SIPA-AFIP/OEDE
2020-07-01,2020,7,San Luis,1699,HyG,SIPA-AFIP/OEDE
2020-07-01,2020,7,Santa Cruz,3278,HyG,SIPA-AFIP/OEDE
2020-07-01,2020,7,Santa Fe,13619,HyG,SIPA-AFIP/OEDE
2020-07-01,2020,7,Santiago del Estero,1795,HyG,SIPA-AFIP/OEDE
2020-07-01,2020,7,Tierra del Fuego,2368,HyG,SIPA-AFIP/OEDE
2020-07-01,2020,7,Tucuman,4849,HyG,SIPA-AFIP/OEDE
2020-04-01,2020,4,Capital Federal,78605,HyG,SIPA-AFIP/OEDE
2020-04-01,2020,4,Catamarca,1010,HyG,SIPA-AFIP/OEDE
2020-04-01,2020,4,Chaco,1314,HyG,SIPA-AFIP/OEDE
2020-04-01,2020,4,Chubut,3321,HyG,SIPA-AFIP/OEDE
2020-04-01,2020,4,Cordoba,17525,HyG,SIPA-AFIP/OEDE
2020-04-01,2020,4,Corrientes,3347,HyG,SIPA-AFIP/OEDE
2020-04-01,2020,4,Entre Rios,3591,HyG,SIPA-AFIP/OEDE
2020-04-01,2020,4,Formosa,654,HyG,SIPA-AFIP/OEDE
2020-04-01,2020,4,Jujuy,1723,HyG,SIPA-AFIP/OEDE
2020-04-01,2020,4,La Pampa,1065,HyG,SIPA-AFIP/OEDE
2020-04-01,2020,4,La Rioja,934,HyG,SIPA-AFIP/OEDE
2020-04-01,2020,4,Mendoza,11300,HyG,SIPA-AFIP/OEDE
2020-04-01,2020,4,Misiones,3982,HyG,SIPA-AFIP/OEDE
2020-04-01,2020,4,Neuquen,6377,HyG,SIPA-AFIP/OEDE
2020-04-01,2020,4,Partidos de GBA,41175,HyG,SIPA-AFIP/OEDE
2020-04-01,2020,4,Resto de Buenos Aires,30213,HyG,SIPA-AFIP/OEDE
2020-04-01,2020,4,Rio Negro,6510,HyG,SIPA-AFIP/OEDE
2020-04-01,2020,4,Salta,5145,HyG,SIPA-AFIP/OEDE
2020-04-01,2020,4,San Juan,2541,HyG,SIPA-AFIP/OEDE
2020-04-01,2020,4,San Luis,1816,HyG,SIPA-AFIP/OEDE
2020-04-01,2020,4,Santa Cruz,3369,HyG,SIPA-AFIP/OEDE
2020-04-01,2020,4,Santa Fe,14433,HyG,SIPA-AFIP/OEDE
2020-04-01,2020,4,Santiago del Estero,1893,HyG,SIPA-AFIP/OEDE
2020-04-01,2020,4,Tierra del Fuego,2395,HyG,SIPA-AFIP/OEDE
2020-04-01,2020,4,Tucuman,5173,HyG,SIPA-AFIP/OEDE
2020-01-01,2020,1,Capital Federal,89279,HyG,SIPA-AFIP/OEDE
2020-01-01,2020,1,Catamarca,1116,HyG,SIPA-AFIP/OEDE
2020-01-01,2020,1,Chaco,1442,HyG,SIPA-AFIP/OEDE
2020-01-01,2020,1,Chubut,3880,HyG,SIPA-AFIP/OEDE
2020-01-01,2020,1,Cordoba,22973,HyG,SIPA-AFIP/OEDE
2020-01-01,2020,1,Corrientes,3670,HyG,SIPA-AFIP/OEDE
2020-01-01,2020,1,Entre Rios,4219,HyG,SIPA-AFIP/OEDE
2020-01-01,2020,1,Formosa,669,HyG,SIPA-AFIP/OEDE
2020-01-01,2020,1,Jujuy,1883,HyG,SIPA-AFIP/OEDE
2020-01-01,2020,1,La Pampa,1138,HyG,SIPA-AFIP/OEDE
2020-01-01,2020,1,La Rioja,1054,HyG,SIPA-AFIP/OEDE
2020-01-01,2020,1,Mendoza,13116,HyG,SIPA-AFIP/OEDE
2020-01-01,2020,1,Misiones,4669,HyG,SIPA-AFIP/OEDE
2020-01-01,2020,1,Neuquen,7783,HyG,SIPA-AFIP/OEDE
2020-01-01,2020,1,Partidos de GBA,45247,HyG,SIPA-AFIP/OEDE
2020-01-01,2020,1,Resto de Buenos Aires,43681,HyG,SIPA-AFIP/OEDE
2020-01-01,2020,1,Rio Negro,8408,HyG,SIPA-AFIP/OEDE
2020-01-01,2020,1,Salta,5694,HyG,SIPA-AFIP/OEDE
2020-01-01,2020,1,San Juan,2889,HyG,SIPA-AFIP/OEDE
2020-01-01,2020,1,San Luis,2349,HyG,SIPA-AFIP/OEDE
2020-01-01,2020,1,Santa Cruz,4389,HyG,SIPA-AFIP/OEDE
2020-01-01,2020,1,Santa Fe,16070,HyG,SIPA-AFIP/OEDE
2020-01-01,2020,1,Santiago del Estero,2123,HyG,SIPA-AFIP/OEDE
2020-01-01,2020,1,Tierra del Fuego,2778,HyG,SIPA-AFIP/OEDE
2020-01-01,2020,1,Tucuman,5651,HyG,SIPA-AFIP/OEDE
2019-10-01,2019,10,Capital Federal,90949,HyG,SIPA-AFIP/OEDE
2019-10-01,2019,10,Catamarca,1107,HyG,SIPA-AFIP/OEDE
2019-10-01,2019,10,Chaco,1455,HyG,SIPA-AFIP/OEDE
2019-10-01,2019,10,Chubut,3753,HyG,SIPA-AFIP/OEDE
2019-10-01,2019,10,Cordoba,20141,HyG,SIPA-AFIP/OEDE
2019-10-01,2019,10,Corrientes,3828,HyG,SIPA-AFIP/OEDE
2019-10-01,2019,10,Entre Rios,3964,HyG,SIPA-AFIP/OEDE
2019-10-01,2019,10,Formosa,676,HyG,SIPA-AFIP/OEDE
2019-10-01,2019,10,Jujuy,1917,HyG,SIPA-AFIP/OEDE
2019-10-01,2019,10,La Pampa,1194,HyG,SIPA-AFIP/OEDE
2019-10-01,2019,10,La Rioja,1008,HyG,SIPA-AFIP/OEDE
2019-10-01,2019,10,Mendoza,12831,HyG,SIPA-AFIP/OEDE
2019-10-01,2019,10,Misiones,4585,HyG,SIPA-AFIP/OEDE
2019-10-01,2019,10,Neuquen,7215,HyG,SIPA-AFIP/OEDE
2019-10-01,2019,10,Partidos de GBA,45978,HyG,SIPA-AFIP/OEDE
2019-10-01,2019,10,Resto de Buenos Aires,35591,HyG,SIPA-AFIP/OEDE
2019-10-01,2019,10,Rio Negro,7653,HyG,SIPA-AFIP/OEDE
2019-10-01,2019,10,Salta,5690,HyG,SIPA-AFIP/OEDE
2019-10-01,2019,10,San Juan,2893,HyG,SIPA-AFIP/OEDE
2019-10-01,2019,10,San Luis,2142,HyG,SIPA-AFIP/OEDE
2019-10-01,2019,10,Santa Cruz,4302,HyG,SIPA-AFIP/OEDE
2019-10-01,2019,10,Santa Fe,16598,HyG,SIPA-AFIP/OEDE
2019-10-01,2019,10,Santiago del Estero,2189,HyG,SIPA-AFIP/OEDE
2019-10-01,2019,10,Tierra del Fuego,2781,HyG,SIPA-AFIP/OEDE
2019-10-01,2019,10,Tucuman,5813,HyG,SIPA-AFIP/OEDE
2019-07-01,2019,7,Capital Federal,89910,HyG,SIPA-AFIP/OEDE
2019-07-01,2019,7,Catamarca,1120,HyG,SIPA-AFIP/OEDE
2019-07-01,2019,7,Chaco,1499,HyG,SIPA-AFIP/OEDE
2019-07-01,2019,7,Chubut,3545,HyG,SIPA-AFIP/OEDE
2019-07-01,2019,7,Cordoba,19241,HyG,SIPA-AFIP/OEDE
2019-07-01,2019,7,Corrientes,3700,HyG,SIPA-AFIP/OEDE
2019-07-01,2019,7,Entre Rios,3760,HyG,SIPA-AFIP/OEDE
2019-07-01,2019,7,Formosa,685,HyG,SIPA-AFIP/OEDE
2019-07-01,2019,7,Jujuy,1943,HyG,SIPA-AFIP/OEDE
2019-07-01,2019,7,La Pampa,1138,HyG,SIPA-AFIP/OEDE
2019-07-01,2019,7,La Rioja,1004,HyG,SIPA-AFIP/OEDE
2019-07-01,2019,7,Mendoza,13175,HyG,SIPA-AFIP/OEDE
2019-07-01,2019,7,Misiones,4449,HyG,SIPA-AFIP/OEDE
2019-07-01,2019,7,Neuquen,7147,HyG,SIPA-AFIP/OEDE
2019-07-01,2019,7,Partidos de GBA,46101,HyG,SIPA-AFIP/OEDE
2019-07-01,2019,7,Resto de Buenos Aires,32838,HyG,SIPA-AFIP/OEDE
2019-07-01,2019,7,Rio Negro,7793,HyG,SIPA-AFIP/OEDE
2019-07-01,2019,7,Salta,5659,HyG,SIPA-AFIP/OEDE
2019-07-01,2019,7,San Juan,2810,HyG,SIPA-AFIP/OEDE
2019-07-01,2019,7,San Luis,2180,HyG,SIPA-AFIP/OEDE
2019-07-01,2019,7,Santa Cruz,3468,HyG,SIPA-AFIP/OEDE
2019-07-01,2019,7,Santa Fe,16255,HyG,SIPA-AFIP/OEDE
2019-07-01,2019,7,Santiago del Estero,2746,HyG,SIPA-AFIP/OEDE
2019-07-01,2019,7,Tierra del Fuego,2651,HyG,SIPA-AFIP/OEDE
2019-07-01,2019,7,Tucuman,5740,HyG,SIPA-AFIP/OEDE
2019-04-01,2019,4,Capital Federal,89408,HyG,SIPA-AFIP/OEDE
2019-04-01,2019,4,Catamarca,1055,HyG,SIPA-AFIP/OEDE
2019-04-01,2019,4,Chaco,1579,HyG,SIPA-AFIP/OEDE
2019-04-01,2019,4,Chubut,3446,HyG,SIPA-AFIP/OEDE
2019-04-01,2019,4,Cordoba,19750,HyG,SIPA-AFIP/OEDE
2019-04-01,2019,4,Corrientes,3748,HyG,SIPA-AFIP/OEDE
2019-04-01,2019,4,Entre Rios,3760,HyG,SIPA-AFIP/OEDE
2019-04-01,2019,4,Formosa,712,HyG,SIPA-AFIP/OEDE
2019-04-01,2019,4,Jujuy,1805,HyG,SIPA-AFIP/OEDE
2019-04-01,2019,4,La Pampa,1110,HyG,SIPA-AFIP/OEDE
2019-04-01,2019,4,La Rioja,1027,HyG,SIPA-AFIP/OEDE
2019-04-01,2019,4,Mendoza,12892,HyG,SIPA-AFIP/OEDE
2019-04-01,2019,4,Misiones,4418,HyG,SIPA-AFIP/OEDE
2019-04-01,2019,4,Neuquen,6783,HyG,SIPA-AFIP/OEDE
2019-04-01,2019,4,Partidos de GBA,46702,HyG,SIPA-AFIP/OEDE
2019-04-01,2019,4,Resto de Buenos Aires,32631,HyG,SIPA-AFIP/OEDE
2019-04-01,2019,4,Rio Negro,7071,HyG,SIPA-AFIP/OEDE
2019-04-01,2019,4,Salta,5438,HyG,SIPA-AFIP/OEDE
2019-04-01,2019,4,San Juan,2812,HyG,SIPA-AFIP/OEDE
2019-04-01,2019,4,San Luis,2227,HyG,SIPA-AFIP/OEDE
2019-04-01,2019,4,Santa Cruz,3535,HyG,SIPA-AFIP/OEDE
2019-04-01,2019,4,Santa Fe,16087,HyG,SIPA-AFIP/OEDE
2019-04-01,2019,4,Santiago del Estero,2557,HyG,SIPA-AFIP/OEDE
2019-04-01,2019,4,Tierra del Fuego,2563,HyG,SIPA-AFIP/OEDE
2019-04-01,2019,4,Tucuman,5887,HyG,SIPA-AFIP/OEDE
2019-01-01,2019,1,Capital Federal,90043,HyG,SIPA-AFIP/OEDE
2019-01-01,2019,1,Catamarca,1107,HyG,SIPA-AFIP/OEDE
2019-01-01,2019,1,Chaco,1652,HyG,SIPA-AFIP/OEDE
2019-01-01,2019,1,Chubut,3809,HyG,SIPA-AFIP/OEDE
2019-01-01,2019,1,Cordoba,23544,HyG,SIPA-AFIP/OEDE
2019-01-01,2019,1,Corrientes,3815,HyG,SIPA-AFIP/OEDE
2019-01-01,2019,1,Entre Rios,4278,HyG,SIPA-AFIP/OEDE
2019-01-01,2019,1,Formosa,687,HyG,SIPA-AFIP/OEDE
2019-01-01,2019,1,Jujuy,1892,HyG,SIPA-AFIP/OEDE
2019-01-01,2019,1,La Pampa,1166,HyG,SIPA-AFIP/OEDE
2019-01-01,2019,1,La Rioja,1077,HyG,SIPA-AFIP/OEDE
2019-01-01,2019,1,Mendoza,13552,HyG,SIPA-AFIP/OEDE
2019-01-01,2019,1,Misiones,4585,HyG,SIPA-AFIP/OEDE
2019-01-01,2019,1,Neuquen,7420,HyG,SIPA-AFIP/OEDE
2019-01-01,2019,1,Partidos de GBA,47806,HyG,SIPA-AFIP/OEDE
2019-01-01,2019,1,Resto de Buenos Aires,44403,HyG,SIPA-AFIP/OEDE
2019-01-01,2019,1,Rio Negro,8077,HyG,SIPA-AFIP/OEDE
2019-01-01,2019,1,Salta,5576,HyG,SIPA-AFIP/OEDE
2019-01-01,2019,1,San Juan,3036,HyG,SIPA-AFIP/OEDE
2019-01-01,2019,1,San Luis,2440,HyG,SIPA-AFIP/OEDE
2019-01-01,2019,1,Santa Cruz,4207,HyG,SIPA-AFIP/OEDE
2019-01-01,2019,1,Santa Fe,16527,HyG,SIPA-AFIP/OEDE
2019-01-01,2019,1,Santiago del Estero,2539,HyG,SIPA-AFIP/OEDE
2019-01-01,2019,1,Tierra del Fuego,2745,HyG,SIPA-AFIP/OEDE
2019-01-01,2019,1,Tucuman,5994,HyG,SIPA-AFIP/OEDE
2018-10-01,2018,10,Capital Federal,91679,HyG,SIPA-AFIP/OEDE
2018-10-01,2018,10,Catamarca,1136,HyG,SIPA-AFIP/OEDE
2018-10-01,2018,10,Chaco,1712,HyG,SIPA-AFIP/OEDE
2018-10-01,2018,10,Chubut,3863,HyG,SIPA-AFIP/OEDE
2018-10-01,2018,10,Cordoba,21108,HyG,SIPA-AFIP/OEDE
2018-10-01,2018,10,Corrientes,4008,HyG,SIPA-AFIP/OEDE
2018-10-01,2018,10,Entre Rios,4053,HyG,SIPA-AFIP/OEDE
2018-10-01,2018,10,Formosa,701,HyG,SIPA-AFIP/OEDE
2018-10-01,2018,10,Jujuy,1862,HyG,SIPA-AFIP/OEDE
2018-10-01,2018,10,La Pampa,1211,HyG,SIPA-AFIP/OEDE
2018-10-01,2018,10,La Rioja,1019,HyG,SIPA-AFIP/OEDE
2018-10-01,2018,10,Mendoza,13138,HyG,SIPA-AFIP/OEDE
2018-10-01,2018,10,Misiones,4578,HyG,SIPA-AFIP/OEDE
2018-10-01,2018,10,Neuquen,6865,HyG,SIPA-AFIP/OEDE
2018-10-01,2018,10,Partidos de GBA,47587,HyG,SIPA-AFIP/OEDE
2018-10-01,2018,10,Resto de Buenos Aires,35981,HyG,SIPA-AFIP/OEDE
2018-10-01,2018,10,Rio Negro,7325,HyG,SIPA-AFIP/OEDE
2018-10-01,2018,10,Salta,5611,HyG,SIPA-AFIP/OEDE
2018-10-01,2018,10,San Juan,3109,HyG,SIPA-AFIP/OEDE
2018-10-01,2018,10,San Luis,2224,HyG,SIPA-AFIP/OEDE
2018-10-01,2018,10,Santa Cruz,4170,HyG,SIPA-AFIP/OEDE
2018-10-01,2018,10,Santa Fe,16624,HyG,SIPA-AFIP/OEDE
2018-10-01,2018,10,Santiago del Estero,2409,HyG,SIPA-AFIP/OEDE
2018-10-01,2018,10,Tierra del Fuego,2792,HyG,SIPA-AFIP/OEDE
2018-10-01,2018,10,Tucuman,6062,HyG,SIPA-AFIP/OEDE
2018-07-01,2018,7,Capital Federal,90531,HyG,SIPA-AFIP/OEDE
2018-07-01,2018,7,Catamarca,1181,HyG,SIPA-AFIP/OEDE
2018-07-01,2018,7,Chaco,1717,HyG,SIPA-AFIP/OEDE
2018-07-01,2018,7,Chubut,3584,HyG,SIPA-AFIP/OEDE
2018-07-01,2018,7,Cordoba,20377,HyG,SIPA-AFIP/OEDE
2018-07-01,2018,7,Corrientes,3717,HyG,SIPA-AFIP/OEDE
2018-07-01,2018,7,Entre Rios,3844,HyG,SIPA-AFIP/OEDE
2018-07-01,2018,7,Formosa,709,HyG,SIPA-AFIP/OEDE
2018-07-01,2018,7,Jujuy,1829,HyG,SIPA-AFIP/OEDE
2018-07-01,2018,7,La Pampa,1170,HyG,SIPA-AFIP/OEDE
2018-07-01,2018,7,La Rioja,1037,HyG,SIPA-AFIP/OEDE
2018-07-01,2018,7,Mendoza,13311,HyG,SIPA-AFIP/OEDE
2018-07-01,2018,7,Misiones,4651,HyG,SIPA-AFIP/OEDE
2018-07-01,2018,7,Neuquen,6814,HyG,SIPA-AFIP/OEDE
2018-07-01,2018,7,Partidos de GBA,46826,HyG,SIPA-AFIP/OEDE
2018-07-01,2018,7,Resto de Buenos Aires,34032,HyG,SIPA-AFIP/OEDE
2018-07-01,2018,7,Rio Negro,7577,HyG,SIPA-AFIP/OEDE
2018-07-01,2018,7,Salta,5618,HyG,SIPA-AFIP/OEDE
2018-07-01,2018,7,San Juan,2948,HyG,SIPA-AFIP/OEDE
2018-07-01,2018,7,San Luis,2147,HyG,SIPA-AFIP/OEDE
2018-07-01,2018,7,Santa Cruz,3490,HyG,SIPA-AFIP/OEDE
2018-07-01,2018,7,Santa Fe,16485,HyG,SIPA-AFIP/OEDE
2018-07-01,2018,7,Santiago del Estero,2800,HyG,SIPA-AFIP/OEDE
2018-07-01,2018,7,Tierra del Fuego,2688,HyG,SIPA-AFIP/OEDE
2018-07-01,2018,7,Tucuman,6000,HyG,SIPA-AFIP/OEDE
2018-04-01,2018,4,Capital Federal,90556,HyG,SIPA-AFIP/OEDE
2018-04-01,2018,4,Catamarca,1120,HyG,SIPA-AFIP/OEDE
2018-04-01,2018,4,Chaco,1689,HyG,SIPA-AFIP/OEDE
2018-04-01,2018,4,Chubut,3597,HyG,SIPA-AFIP/OEDE
2018-04-01,2018,4,Cordoba,20602,HyG,SIPA-AFIP/OEDE
2018-04-01,2018,4,Corrientes,3689,HyG,SIPA-AFIP/OEDE
2018-04-01,2018,4,Entre Rios,3983,HyG,SIPA-AFIP/OEDE
2018-04-01,2018,4,Formosa,715,HyG,SIPA-AFIP/OEDE
2018-04-01,2018,4,Jujuy,1753,HyG,SIPA-AFIP/OEDE
2018-04-01,2018,4,La Pampa,1158,HyG,SIPA-AFIP/OEDE
2018-04-01,2018,4,La Rioja,1018,HyG,SIPA-AFIP/OEDE
2018-04-01,2018,4,Mendoza,12843,HyG,SIPA-AFIP/OEDE
2018-04-01,2018,4,Misiones,4670,HyG,SIPA-AFIP/OEDE
2018-04-01,2018,4,Neuquen,6524,HyG,SIPA-AFIP/OEDE
2018-04-01,2018,4,Partidos de GBA,46917,HyG,SIPA-AFIP/OEDE
2018-04-01,2018,4,Resto de Buenos Aires,34668,HyG,SIPA-AFIP/OEDE
2018-04-01,2018,4,Rio Negro,7048,HyG,SIPA-AFIP/OEDE
2018-04-01,2018,4,Salta,5446,HyG,SIPA-AFIP/OEDE
2018-04-01,2018,4,San Juan,3014,HyG,SIPA-AFIP/OEDE
2018-04-01,2018,4,San Luis,2246,HyG,SIPA-AFIP/OEDE
2018-04-01,2018,4,Santa Cruz,3534,HyG,SIPA-AFIP/OEDE
2018-04-01,2018,4,Santa Fe,16104,HyG,SIPA-AFIP/OEDE
2018-04-01,2018,4,Santiago del Estero,2628,HyG,SIPA-AFIP/OEDE
2018-04-01,2018,4,Tierra del Fuego,2744,HyG,SIPA-AFIP/OEDE
2018-04-01,2018,4,Tucuman,5922,HyG,SIPA-AFIP/OEDE
2018-01-01,2018,1,Capital Federal,90762,HyG,SIPA-AFIP/OEDE
2018-01-01,2018,1,Catamarca,1243,HyG,SIPA-AFIP/OEDE
2018-01-01,2018,1,Chaco,1731,HyG,SIPA-AFIP/OEDE
2018-01-01,2018,1,Chubut,3943,HyG,SIPA-AFIP/OEDE
2018-01-01,2018,1,Cordoba,23975,HyG,SIPA-AFIP/OEDE
2018-01-01,2018,1,Corrientes,3810,HyG,SIPA-AFIP/OEDE
2018-01-01,2018,1,Entre Rios,4514,HyG,SIPA-AFIP/OEDE
2018-01-01,2018,1,Formosa,823,HyG,SIPA-AFIP/OEDE
2018-01-01,2018,1,Jujuy,1865,HyG,SIPA-AFIP/OEDE
2018-01-01,2018,1,La Pampa,1204,HyG,SIPA-AFIP/OEDE
2018-01-01,2018,1,La Rioja,1041,HyG,SIPA-AFIP/OEDE
2018-01-01,2018,1,Mendoza,13186,HyG,SIPA-AFIP/OEDE
2018-01-01,2018,1,Misiones,4869,HyG,SIPA-AFIP/OEDE
2018-01-01,2018,1,Neuquen,7065,HyG,SIPA-AFIP/OEDE
2018-01-01,2018,1,Partidos de GBA,47486,HyG,SIPA-AFIP/OEDE
2018-01-01,2018,1,Resto de Buenos Aires,46119,HyG,SIPA-AFIP/OEDE
2018-01-01,2018,1,Rio Negro,8181,HyG,SIPA-AFIP/OEDE
2018-01-01,2018,1,Salta,5511,HyG,SIPA-AFIP/OEDE
2018-01-01,2018,1,San Juan,3287,HyG,SIPA-AFIP/OEDE
2018-01-01,2018,1,San Luis,2333,HyG,SIPA-AFIP/OEDE
2018-01-01,2018,1,Santa Cruz,4206,HyG,SIPA-AFIP/OEDE
2018-01-01,2018,1,Santa Fe,16474,HyG,SIPA-AFIP/OEDE
2018-01-01,2018,1,Santiago del Estero,2310,HyG,SIPA-AFIP/OEDE
2018-01-01,2018,1,Tierra del Fuego,2927,HyG,SIPA-AFIP/OEDE
2018-01-01,2018,1,Tucuman,6044,HyG,SIPA-AFIP/OEDE
2017-10-01,2017,10,Capital Federal,92460,HyG,SIPA-AFIP/OEDE
2017-10-01,2017,10,Catamarca,1235,HyG,SIPA-AFIP/OEDE
2017-10-01,2017,10,Chaco,1807,HyG,SIPA-AFIP/OEDE
2017-10-01,2017,10,Chubut,3899,HyG,SIPA-AFIP/OEDE
2017-10-01,2017,10,Cordoba,21224,HyG,SIPA-AFIP/OEDE
2017-10-01,2017,10,Corrientes,3677,HyG,SIPA-AFIP/OEDE
2017-10-01,2017,10,Entre Rios,4104,HyG,SIPA-AFIP/OEDE
2017-10-01,2017,10,Formosa,759,HyG,SIPA-AFIP/OEDE
2017-10-01,2017,10,Jujuy,1754,HyG,SIPA-AFIP/OEDE
2017-10-01,2017,10,La Pampa,1233,HyG,SIPA-AFIP/OEDE
2017-10-01,2017,10,La Rioja,1016,HyG,SIPA-AFIP/OEDE
2017-10-01,2017,10,Mendoza,12699,HyG,SIPA-AFIP/OEDE
2017-10-01,2017,10,Misiones,4687,HyG,SIPA-AFIP/OEDE
2017-10-01,2017,10,Neuquen,6413,HyG,SIPA-AFIP/OEDE
2017-10-01,2017,10,Partidos de GBA,47047,HyG,SIPA-AFIP/OEDE
2017-10-01,2017,10,Resto de Buenos Aires,37915,HyG,SIPA-AFIP/OEDE
2017-10-01,2017,10,Rio Negro,7594,HyG,SIPA-AFIP/OEDE
2017-10-01,2017,10,Salta,5423,HyG,SIPA-AFIP/OEDE
2017-10-01,2017,10,San Juan,3181,HyG,SIPA-AFIP/OEDE
2017-10-01,2017,10,San Luis,2070,HyG,SIPA-AFIP/OEDE
2017-10-01,2017,10,Santa Cruz,4104,HyG,SIPA-AFIP/OEDE
2017-10-01,2017,10,Santa Fe,16555,HyG,SIPA-AFIP/OEDE
2017-10-01,2017,10,Santiago del Estero,2203,HyG,SIPA-AFIP/OEDE
2017-10-01,2017,10,Tierra del Fuego,2974,HyG,SIPA-AFIP/OEDE
2017-10-01,2017,10,Tucuman,6062,HyG,SIPA-AFIP/OEDE
2017-07-01,2017,7,Capital Federal,89562,HyG,SIPA-AFIP/OEDE
2017-07-01,2017,7,Catamarca,1264,HyG,SIPA-AFIP/OEDE
2017-07-01,2017,7,Chaco,1794,HyG,SIPA-AFIP/OEDE
2017-07-01,2017,7,Chubut,3706,HyG,SIPA-AFIP/OEDE
2017-07-01,2017,7,Cordoba,20343,HyG,SIPA-AFIP/OEDE
2017-07-01,2017,7,Corrientes,3532,HyG,SIPA-AFIP/OEDE
2017-07-01,2017,7,Entre Rios,3858,HyG,SIPA-AFIP/OEDE
2017-07-01,2017,7,Formosa,758,HyG,SIPA-AFIP/OEDE
2017-07-01,2017,7,Jujuy,1711,HyG,SIPA-AFIP/OEDE
2017-07-01,2017,7,La Pampa,1212,HyG,SIPA-AFIP/OEDE
2017-07-01,2017,7,La Rioja,990,HyG,SIPA-AFIP/OEDE
2017-07-01,2017,7,Mendoza,12636,HyG,SIPA-AFIP/OEDE
2017-07-01,2017,7,Misiones,4619,HyG,SIPA-AFIP/OEDE
2017-07-01,2017,7,Neuquen,6489,HyG,SIPA-AFIP/OEDE
2017-07-01,2017,7,Partidos de GBA,45991,HyG,SIPA-AFIP/OEDE
2017-07-01,2017,7,Resto de Buenos Aires,34178,HyG,SIPA-AFIP/OEDE
2017-07-01,2017,7,Rio Negro,7719,HyG,SIPA-AFIP/OEDE
2017-07-01,2017,7,Salta,5393,HyG,SIPA-AFIP/OEDE
2017-07-01,2017,7,San Juan,2887,HyG,SIPA-AFIP/OEDE
2017-07-01,2017,7,San Luis,2066,HyG,SIPA-AFIP/OEDE
2017-07-01,2017,7,Santa Cruz,3564,HyG,SIPA-AFIP/OEDE
2017-07-01,2017,7,Santa Fe,15916,HyG,SIPA-AFIP/OEDE
2017-07-01,2017,7,Santiago del Estero,2643,HyG,SIPA-AFIP/OEDE
2017-07-01,2017,7,Tierra del Fuego,2782,HyG,SIPA-AFIP/OEDE
2017-07-01,2017,7,Tucuman,5768,HyG,SIPA-AFIP/OEDE
2017-04-01,2017,4,Capital Federal,88945,HyG,SIPA-AFIP/OEDE
2017-04-01,2017,4,Catamarca,1308,HyG,SIPA-AFIP/OEDE
2017-04-01,2017,4,Chaco,1765,HyG,SIPA-AFIP/OEDE
2017-04-01,2017,4,Chubut,3495,HyG,SIPA-AFIP/OEDE
2017-04-01,2017,4,Cordoba,19873,HyG,SIPA-AFIP/OEDE
2017-04-01,2017,4,Corrientes,3476,HyG,SIPA-AFIP/OEDE
2017-04-01,2017,4,Entre Rios,3925,HyG,SIPA-AFIP/OEDE
2017-04-01,2017,4,Formosa,765,HyG,SIPA-AFIP/OEDE
2017-04-01,2017,4,Jujuy,1610,HyG,SIPA-AFIP/OEDE
2017-04-01,2017,4,La Pampa,1200,HyG,SIPA-AFIP/OEDE
2017-04-01,2017,4,La Rioja,976,HyG,SIPA-AFIP/OEDE
2017-04-01,2017,4,Mendoza,12156,HyG,SIPA-AFIP/OEDE
2017-04-01,2017,4,Misiones,4532,HyG,SIPA-AFIP/OEDE
2017-04-01,2017,4,Neuquen,6076,HyG,SIPA-AFIP/OEDE
2017-04-01,2017,4,Partidos de GBA,45619,HyG,SIPA-AFIP/OEDE
2017-04-01,2017,4,Resto de Buenos Aires,34452,HyG,SIPA-AFIP/OEDE
2017-04-01,2017,4,Rio Negro,7140,HyG,SIPA-AFIP/OEDE
2017-04-01,2017,4,Salta,5199,HyG,SIPA-AFIP/OEDE
2017-04-01,2017,4,San Juan,2907,HyG,SIPA-AFIP/OEDE
2017-04-01,2017,4,San Luis,2025,HyG,SIPA-AFIP/OEDE
2017-04-01,2017,4,Santa Cruz,3614,HyG,SIPA-AFIP/OEDE
2017-04-01,2017,4,Santa Fe,15414,HyG,SIPA-AFIP/OEDE
2017-04-01,2017,4,Santiago del Estero,2402,HyG,SIPA-AFIP/OEDE
2017-04-01,2017,4,Tierra del Fuego,2722,HyG,SIPA-AFIP/OEDE
2017-04-01,2017,4,Tucuman,5655,HyG,SIPA-AFIP/OEDE
2017-01-01,2017,1,Capital Federal,88424,HyG,SIPA-AFIP/OEDE
2017-01-01,2017,1,Catamarca,1240,HyG,SIPA-AFIP/OEDE
2017-01-01,2017,1,Chaco,1720,HyG,SIPA-AFIP/OEDE
2017-01-01,2017,1,Chubut,3833,HyG,SIPA-AFIP/OEDE
2017-01-01,2017,1,Cordoba,22707,HyG,SIPA-AFIP/OEDE
2017-01-01,2017,1,Corrientes,3484,HyG,SIPA-AFIP/OEDE
2017-01-01,2017,1,Entre Rios,4414,HyG,SIPA-AFIP/OEDE
2017-01-01,2017,1,Formosa,797,HyG,SIPA-AFIP/OEDE
2017-01-01,2017,1,Jujuy,1693,HyG,SIPA-AFIP/OEDE
2017-01-01,2017,1,La Pampa,1226,HyG,SIPA-AFIP/OEDE
2017-01-01,2017,1,La Rioja,1063,HyG,SIPA-AFIP/OEDE
2017-01-01,2017,1,Mendoza,12470,HyG,SIPA-AFIP/OEDE
2017-01-01,2017,1,Misiones,4708,HyG,SIPA-AFIP/OEDE
2017-01-01,2017,1,Neuquen,6734,HyG,SIPA-AFIP/OEDE
2017-01-01,2017,1,Partidos de GBA,46223,HyG,SIPA-AFIP/OEDE
2017-01-01,2017,1,Resto de Buenos Aires,45428,HyG,SIPA-AFIP/OEDE
2017-01-01,2017,1,Rio Negro,8368,HyG,SIPA-AFIP/OEDE
2017-01-01,2017,1,Salta,5292,HyG,SIPA-AFIP/OEDE
2017-01-01,2017,1,San Juan,3146,HyG,SIPA-AFIP/OEDE
2017-01-01,2017,1,San Luis,2306,HyG,SIPA-AFIP/OEDE
2017-01-01,2017,1,Santa Cruz,4231,HyG,SIPA-AFIP/OEDE
2017-01-01,2017,1,Santa Fe,15562,HyG,SIPA-AFIP/OEDE
2017-01-01,2017,1,Santiago del Estero,1977,HyG,SIPA-AFIP/OEDE
2017-01-01,2017,1,Tierra del Fuego,2929,HyG,SIPA-AFIP/OEDE
2017-01-01,2017,1,Tucuman,5747,HyG,SIPA-AFIP/OEDE
2016-10-01,2016,10,Capital Federal,89558,HyG,SIPA-AFIP/OEDE
2016-10-01,2016,10,Catamarca,1200,HyG,SIPA-AFIP/OEDE
2016-10-01,2016,10,Chaco,1831,HyG,SIPA-AFIP/OEDE
2016-10-01,2016,10,Chubut,3646,HyG,SIPA-AFIP/OEDE
2016-10-01,2016,10,Cordoba,19780,HyG,SIPA-AFIP/OEDE
2016-10-01,2016,10,Corrientes,3419,HyG,SIPA-AFIP/OEDE
2016-10-01,2016,10,Entre Rios,4023,HyG,SIPA-AFIP/OEDE
2016-10-01,2016,10,Formosa,803,HyG,SIPA-AFIP/OEDE
2016-10-01,2016,10,Jujuy,1665,HyG,SIPA-AFIP/OEDE
2016-10-01,2016,10,La Pampa,1191,HyG,SIPA-AFIP/OEDE
2016-10-01,2016,10,La Rioja,1007,HyG,SIPA-AFIP/OEDE
2016-10-01,2016,10,Mendoza,11951,HyG,SIPA-AFIP/OEDE
2016-10-01,2016,10,Misiones,4570,HyG,SIPA-AFIP/OEDE
2016-10-01,2016,10,Neuquen,6222,HyG,SIPA-AFIP/OEDE
2016-10-01,2016,10,Partidos de GBA,45832,HyG,SIPA-AFIP/OEDE
2016-10-01,2016,10,Resto de Buenos Aires,36713,HyG,SIPA-AFIP/OEDE
2016-10-01,2016,10,Rio Negro,7602,HyG,SIPA-AFIP/OEDE
2016-10-01,2016,10,Salta,5038,HyG,SIPA-AFIP/OEDE
2016-10-01,2016,10,San Juan,2948,HyG,SIPA-AFIP/OEDE
2016-10-01,2016,10,San Luis,2031,HyG,SIPA-AFIP/OEDE
2016-10-01,2016,10,Santa Cruz,4113,HyG,SIPA-AFIP/OEDE
2016-10-01,2016,10,Santa Fe,15424,HyG,SIPA-AFIP/OEDE
2016-10-01,2016,10,Santiago del Estero,1990,HyG,SIPA-AFIP/OEDE
2016-10-01,2016,10,Tierra del Fuego,2864,HyG,SIPA-AFIP/OEDE
2016-10-01,2016,10,Tucuman,5754,HyG,SIPA-AFIP/OEDE
2016-07-01,2016,7,Capital Federal,87153,HyG,SIPA-AFIP/OEDE
2016-07-01,2016,7,Catamarca,1116,HyG,SIPA-AFIP/OEDE
2016-07-01,2016,7,Chaco,1798,HyG,SIPA-AFIP/OEDE
2016-07-01,2016,7,Chubut,3477,HyG,SIPA-AFIP/OEDE
2016-07-01,2016,7,Cordoba,18986,HyG,SIPA-AFIP/OEDE
2016-07-01,2016,7,Corrientes,3158,HyG,SIPA-AFIP/OEDE
2016-07-01,2016,7,Entre Rios,3820,HyG,SIPA-AFIP/OEDE
2016-07-01,2016,7,Formosa,802,HyG,SIPA-AFIP/OEDE
2016-07-01,2016,7,Jujuy,1560,HyG,SIPA-AFIP/OEDE
2016-07-01,2016,7,La Pampa,1106,HyG,SIPA-AFIP/OEDE
2016-07-01,2016,7,La Rioja,977,HyG,SIPA-AFIP/OEDE
2016-07-01,2016,7,Mendoza,11977,HyG,SIPA-AFIP/OEDE
2016-07-01,2016,7,Misiones,4370,HyG,SIPA-AFIP/OEDE
2016-07-01,2016,7,Neuquen,6243,HyG,SIPA-AFIP/OEDE
2016-07-01,2016,7,Partidos de GBA,43790,HyG,SIPA-AFIP/OEDE
2016-07-01,2016,7,Resto de Buenos Aires,33490,HyG,SIPA-AFIP/OEDE
2016-07-01,2016,7,Rio Negro,7479,HyG,SIPA-AFIP/OEDE
2016-07-01,2016,7,Salta,4975,HyG,SIPA-AFIP/OEDE
2016-07-01,2016,7,San Juan,2781,HyG,SIPA-AFIP/OEDE
2016-07-01,2016,7,San Luis,2057,HyG,SIPA-AFIP/OEDE
2016-07-01,2016,7,Santa Cruz,3692,HyG,SIPA-AFIP/OEDE
2016-07-01,2016,7,Santa Fe,14892,HyG,SIPA-AFIP/OEDE
2016-07-01,2016,7,Santiago del Estero,2573,HyG,SIPA-AFIP/OEDE
2016-07-01,2016,7,Tierra del Fuego,2628,HyG,SIPA-AFIP/OEDE
2016-07-01,2016,7,Tucuman,5553,HyG,SIPA-AFIP/OEDE
2016-04-01,2016,4,Capital Federal,87570,HyG,SIPA-AFIP/OEDE
2016-04-01,2016,4,Catamarca,1124,HyG,SIPA-AFIP/OEDE
2016-04-01,2016,4,Chaco,1742,HyG,SIPA-AFIP/OEDE
2016-04-01,2016,4,Chubut,3410,HyG,SIPA-AFIP/OEDE
2016-04-01,2016,4,Cordoba,19115,HyG,SIPA-AFIP/OEDE
2016-04-01,2016,4,Corrientes,3213,HyG,SIPA-AFIP/OEDE
2016-04-01,2016,4,Entre Rios,3877,HyG,SIPA-AFIP/OEDE
2016-04-01,2016,4,Formosa,864,HyG,SIPA-AFIP/OEDE
2016-04-01,2016,4,Jujuy,1524,HyG,SIPA-AFIP/OEDE
2016-04-01,2016,4,La Pampa,1116,HyG,SIPA-AFIP/OEDE
2016-04-01,2016,4,La Rioja,967,HyG,SIPA-AFIP/OEDE
2016-04-01,2016,4,Mendoza,11716,HyG,SIPA-AFIP/OEDE
2016-04-01,2016,4,Misiones,4265,HyG,SIPA-AFIP/OEDE
2016-04-01,2016,4,Neuquen,5933,HyG,SIPA-AFIP/OEDE
2016-04-01,2016,4,Partidos de GBA,43791,HyG,SIPA-AFIP/OEDE
2016-04-01,2016,4,Resto de Buenos Aires,33730,HyG,SIPA-AFIP/OEDE
2016-04-01,2016,4,Rio Negro,6850,HyG,SIPA-AFIP/OEDE
2016-04-01,2016,4,Salta,4902,HyG,SIPA-AFIP/OEDE
2016-04-01,2016,4,San Juan,2757,HyG,SIPA-AFIP/OEDE
2016-04-01,2016,4,San Luis,2115,HyG,SIPA-AFIP/OEDE
2016-04-01,2016,4,Santa Cruz,3696,HyG,SIPA-AFIP/OEDE
2016-04-01,2016,4,Santa Fe,14696,HyG,SIPA-AFIP/OEDE
2016-04-01,2016,4,Santiago del Estero,2483,HyG,SIPA-AFIP/OEDE
2016-04-01,2016,4,Tierra del Fuego,2591,HyG,SIPA-AFIP/OEDE
2016-04-01,2016,4,Tucuman,5557,HyG,SIPA-AFIP/OEDE
2016-01-01,2016,1,Capital Federal,88239,HyG,SIPA-AFIP/OEDE
2016-01-01,2016,1,Catamarca,1169,HyG,SIPA-AFIP/OEDE
2016-01-01,2016,1,Chaco,1734,HyG,SIPA-AFIP/OEDE
2016-01-01,2016,1,Chubut,3798,HyG,SIPA-AFIP/OEDE
2016-01-01,2016,1,Cordoba,21840,HyG,SIPA-AFIP/OEDE
2016-01-01,2016,1,Corrientes,3247,HyG,SIPA-AFIP/OEDE
2016-01-01,2016,1,Entre Rios,4320,HyG,SIPA-AFIP/OEDE
2016-01-01,2016,1,Formosa,899,HyG,SIPA-AFIP/OEDE
2016-01-01,2016,1,Jujuy,1633,HyG,SIPA-AFIP/OEDE
2016-01-01,2016,1,La Pampa,1136,HyG,SIPA-AFIP/OEDE
2016-01-01,2016,1,La Rioja,1039,HyG,SIPA-AFIP/OEDE
2016-01-01,2016,1,Mendoza,11985,HyG,SIPA-AFIP/OEDE
2016-01-01,2016,1,Misiones,4614,HyG,SIPA-AFIP/OEDE
2016-01-01,2016,1,Neuquen,6544,HyG,SIPA-AFIP/OEDE
2016-01-01,2016,1,Partidos de GBA,44053,HyG,SIPA-AFIP/OEDE
2016-01-01,2016,1,Resto de Buenos Aires,45667,HyG,SIPA-AFIP/OEDE
2016-01-01,2016,1,Rio Negro,7979,HyG,SIPA-AFIP/OEDE
2016-01-01,2016,1,Salta,4960,HyG,SIPA-AFIP/OEDE
2016-01-01,2016,1,San Juan,2838,HyG,SIPA-AFIP/OEDE
2016-01-01,2016,1,San Luis,2324,HyG,SIPA-AFIP/OEDE
2016-01-01,2016,1,Santa Cruz,4404,HyG,SIPA-AFIP/OEDE
2016-01-01,2016,1,Santa Fe,15116,HyG,SIPA-AFIP/OEDE
2016-01-01,2016,1,Santiago del Estero,2279,HyG,SIPA-AFIP/OEDE
2016-01-01,2016,1,Tierra del Fuego,2813,HyG,SIPA-AFIP/OEDE
2016-01-01,2016,1,Tucuman,5679,HyG,SIPA-AFIP/OEDE
2015-10-01,2015,10,Capital Federal,89748,HyG,SIPA-AFIP/OEDE
2015-10-01,2015,10,Catamarca,1147,HyG,SIPA-AFIP/OEDE
2015-10-01,2015,10,Chaco,1732,HyG,SIPA-AFIP/OEDE
2015-10-01,2015,10,Chubut,3680,HyG,SIPA-AFIP/OEDE
2015-10-01,2015,10,Cordoba,19364,HyG,SIPA-AFIP/OEDE
2015-10-01,2015,10,Corrientes,3213,HyG,SIPA-AFIP/OEDE
2015-10-01,2015,10,Entre Rios,4073,HyG,SIPA-AFIP/OEDE
2015-10-01,2015,10,Formosa,899,HyG,SIPA-AFIP/OEDE
2015-10-01,2015,10,Jujuy,1608,HyG,SIPA-AFIP/OEDE
2015-10-01,2015,10,La Pampa,1092,HyG,SIPA-AFIP/OEDE
2015-10-01,2015,10,La Rioja,924,HyG,SIPA-AFIP/OEDE
2015-10-01,2015,10,Mendoza,11699,HyG,SIPA-AFIP/OEDE
2015-10-01,2015,10,Misiones,4678,HyG,SIPA-AFIP/OEDE
2015-10-01,2015,10,Neuquen,6066,HyG,SIPA-AFIP/OEDE
2015-10-01,2015,10,Partidos de GBA,43267,HyG,SIPA-AFIP/OEDE
2015-10-01,2015,10,Resto de Buenos Aires,36958,HyG,SIPA-AFIP/OEDE
2015-10-01,2015,10,Rio Negro,7312,HyG,SIPA-AFIP/OEDE
2015-10-01,2015,10,Salta,4891,HyG,SIPA-AFIP/OEDE
2015-10-01,2015,10,San Juan,2823,HyG,SIPA-AFIP/OEDE
2015-10-01,2015,10,San Luis,2176,HyG,SIPA-AFIP/OEDE
2015-10-01,2015,10,Santa Cruz,4417,HyG,SIPA-AFIP/OEDE
2015-10-01,2015,10,Santa Fe,15236,HyG,SIPA-AFIP/OEDE
2015-10-01,2015,10,Santiago del Estero,2017,HyG,SIPA-AFIP/OEDE
2015-10-01,2015,10,Tierra del Fuego,2768,HyG,SIPA-AFIP/OEDE
2015-10-01,2015,10,Tucuman,5711,HyG,SIPA-AFIP/OEDE
2015-07-01,2015,7,Capital Federal,88245,HyG,SIPA-AFIP/OEDE
2015-07-01,2015,7,Catamarca,1096,HyG,SIPA-AFIP/OEDE
2015-07-01,2015,7,Chaco,1709,HyG,SIPA-AFIP/OEDE
2015-07-01,2015,7,Chubut,3665,HyG,SIPA-AFIP/OEDE
2015-07-01,2015,7,Cordoba,18629,HyG,SIPA-AFIP/OEDE
2015-07-01,2015,7,Corrientes,3141,HyG,SIPA-AFIP/OEDE
2015-07-01,2015,7,Entre Rios,3924,HyG,SIPA-AFIP/OEDE
2015-07-01,2015,7,Formosa,895,HyG,SIPA-AFIP/OEDE
2015-07-01,2015,7,Jujuy,1605,HyG,SIPA-AFIP/OEDE
2015-07-01,2015,7,La Pampa,1060,HyG,SIPA-AFIP/OEDE
2015-07-01,2015,7,La Rioja,907,HyG,SIPA-AFIP/OEDE
2015-07-01,2015,7,Mendoza,11794,HyG,SIPA-AFIP/OEDE
2015-07-01,2015,7,Misiones,4568,HyG,SIPA-AFIP/OEDE
2015-07-01,2015,7,Neuquen,6056,HyG,SIPA-AFIP/OEDE
2015-07-01,2015,7,Partidos de GBA,41664,HyG,SIPA-AFIP/OEDE
2015-07-01,2015,7,Resto de Buenos Aires,33538,HyG,SIPA-AFIP/OEDE
2015-07-01,2015,7,Rio Negro,7315,HyG,SIPA-AFIP/OEDE
2015-07-01,2015,7,Salta,4863,HyG,SIPA-AFIP/OEDE
2015-07-01,2015,7,San Juan,2845,HyG,SIPA-AFIP/OEDE
2015-07-01,2015,7,San Luis,2086,HyG,SIPA-AFIP/OEDE
2015-07-01,2015,7,Santa Cruz,3808,HyG,SIPA-AFIP/OEDE
2015-07-01,2015,7,Santa Fe,14826,HyG,SIPA-AFIP/OEDE
2015-07-01,2015,7,Santiago del Estero,2439,HyG,SIPA-AFIP/OEDE
2015-07-01,2015,7,Tierra del Fuego,2621,HyG,SIPA-AFIP/OEDE
2015-07-01,2015,7,Tucuman,5628,HyG,SIPA-AFIP/OEDE
2015-04-01,2015,4,Capital Federal,87872,HyG,SIPA-AFIP/OEDE
2015-04-01,2015,4,Catamarca,1095,HyG,SIPA-AFIP/OEDE
2015-04-01,2015,4,Chaco,1650,HyG,SIPA-AFIP/OEDE
2015-04-01,2015,4,Chubut,3447,HyG,SIPA-AFIP/OEDE
2015-04-01,2015,4,Cordoba,18648,HyG,SIPA-AFIP/OEDE
2015-04-01,2015,4,Corrientes,3108,HyG,SIPA-AFIP/OEDE
2015-04-01,2015,4,Entre Rios,3914,HyG,SIPA-AFIP/OEDE
2015-04-01,2015,4,Formosa,860,HyG,SIPA-AFIP/OEDE
2015-04-01,2015,4,Jujuy,1572,HyG,SIPA-AFIP/OEDE
2015-04-01,2015,4,La Pampa,1043,HyG,SIPA-AFIP/OEDE
2015-04-01,2015,4,La Rioja,846,HyG,SIPA-AFIP/OEDE
2015-04-01,2015,4,Mendoza,11411,HyG,SIPA-AFIP/OEDE
2015-04-01,2015,4,Misiones,4538,HyG,SIPA-AFIP/OEDE
2015-04-01,2015,4,Neuquen,5715,HyG,SIPA-AFIP/OEDE
2015-04-01,2015,4,Partidos de GBA,40587,HyG,SIPA-AFIP/OEDE
2015-04-01,2015,4,Resto de Buenos Aires,33579,HyG,SIPA-AFIP/OEDE
2015-04-01,2015,4,Rio Negro,6838,HyG,SIPA-AFIP/OEDE
2015-04-01,2015,4,Salta,4801,HyG,SIPA-AFIP/OEDE
2015-04-01,2015,4,San Juan,2767,HyG,SIPA-AFIP/OEDE
2015-04-01,2015,4,San Luis,2111,HyG,SIPA-AFIP/OEDE
2015-04-01,2015,4,Santa Cruz,3823,HyG,SIPA-AFIP/OEDE
2015-04-01,2015,4,Santa Fe,14709,HyG,SIPA-AFIP/OEDE
2015-04-01,2015,4,Santiago del Estero,2409,HyG,SIPA-AFIP/OEDE
2015-04-01,2015,4,Tierra del Fuego,2473,HyG,SIPA-AFIP/OEDE
2015-04-01,2015,4,Tucuman,5545,HyG,SIPA-AFIP/OEDE
2015-01-01,2015,1,Capital Federal,87714,HyG,SIPA-AFIP/OEDE
2015-01-01,2015,1,Catamarca,1092,HyG,SIPA-AFIP/OEDE
2015-01-01,2015,1,Chaco,1694,HyG,SIPA-AFIP/OEDE
2015-01-01,2015,1,Chubut,3855,HyG,SIPA-AFIP/OEDE
2015-01-01,2015,1,Cordoba,21642,HyG,SIPA-AFIP/OEDE
2015-01-01,2015,1,Corrientes,3281,HyG,SIPA-AFIP/OEDE
2015-01-01,2015,1,Entre Rios,4458,HyG,SIPA-AFIP/OEDE
2015-01-01,2015,1,Formosa,892,HyG,SIPA-AFIP/OEDE
2015-01-01,2015,1,Jujuy,1632,HyG,SIPA-AFIP/OEDE
2015-01-01,2015,1,La Pampa,1054,HyG,SIPA-AFIP/OEDE
2015-01-01,2015,1,La Rioja,835,HyG,SIPA-AFIP/OEDE
2015-01-01,2015,1,Mendoza,11652,HyG,SIPA-AFIP/OEDE
2015-01-01,2015,1,Misiones,4748,HyG,SIPA-AFIP/OEDE
2015-01-01,2015,1,Neuquen,6365,HyG,SIPA-AFIP/OEDE
2015-01-01,2015,1,Partidos de GBA,40431,HyG,SIPA-AFIP/OEDE
2015-01-01,2015,1,Resto de Buenos Aires,45446,HyG,SIPA-AFIP/OEDE
2015-01-01,2015,1,Rio Negro,8054,HyG,SIPA-AFIP/OEDE
2015-01-01,2015,1,Salta,4752,HyG,SIPA-AFIP/OEDE
2015-01-01,2015,1,San Juan,2859,HyG,SIPA-AFIP/OEDE
2015-01-01,2015,1,San Luis,2324,HyG,SIPA-AFIP/OEDE
2015-01-01,2015,1,Santa Cruz,4545,HyG,SIPA-AFIP/OEDE
2015-01-01,2015,1,Santa Fe,14862,HyG,SIPA-AFIP/OEDE
2015-01-01,2015,1,Santiago del Estero,1949,HyG,SIPA-AFIP/OEDE
2015-01-01,2015,1,Tierra del Fuego,2678,HyG,SIPA-AFIP/OEDE
2015-01-01,2015,1,Tucuman,5686,HyG,SIPA-AFIP/OEDE
2014-10-01,2014,10,Capital Federal,88735,HyG,SIPA-AFIP/OEDE
2014-10-01,2014,10,Catamarca,1076,HyG,SIPA-AFIP/OEDE
2014-10-01,2014,10,Chaco,1679,HyG,SIPA-AFIP/OEDE
2014-10-01,2014,10,Chubut,3682,HyG,SIPA-AFIP/OEDE
2014-10-01,2014,10,Cordoba,18924,HyG,SIPA-AFIP/OEDE
2014-10-01,2014,10,Corrientes,3160,HyG,SIPA-AFIP/OEDE
2014-10-01,2014,10,Entre Rios,3913,HyG,SIPA-AFIP/OEDE
2014-10-01,2014,10,Formosa,881,HyG,SIPA-AFIP/OEDE
2014-10-01,2014,10,Jujuy,1576,HyG,SIPA-AFIP/OEDE
2014-10-01,2014,10,La Pampa,1063,HyG,SIPA-AFIP/OEDE
2014-10-01,2014,10,La Rioja,824,HyG,SIPA-AFIP/OEDE
2014-10-01,2014,10,Mendoza,11058,HyG,SIPA-AFIP/OEDE
2014-10-01,2014,10,Misiones,4498,HyG,SIPA-AFIP/OEDE
2014-10-01,2014,10,Neuquen,5476,HyG,SIPA-AFIP/OEDE
2014-10-01,2014,10,Partidos de GBA,40092,HyG,SIPA-AFIP/OEDE
2014-10-01,2014,10,Resto de Buenos Aires,35176,HyG,SIPA-AFIP/OEDE
2014-10-01,2014,10,Rio Negro,7138,HyG,SIPA-AFIP/OEDE
2014-10-01,2014,10,Salta,4731,HyG,SIPA-AFIP/OEDE
2014-10-01,2014,10,San Juan,2806,HyG,SIPA-AFIP/OEDE
2014-10-01,2014,10,San Luis,1924,HyG,SIPA-AFIP/OEDE
2014-10-01,2014,10,Santa Cruz,4261,HyG,SIPA-AFIP/OEDE
2014-10-01,2014,10,Santa Fe,14794,HyG,SIPA-AFIP/OEDE
2014-10-01,2014,10,Santiago del Estero,1859,HyG,SIPA-AFIP/OEDE
2014-10-01,2014,10,Tierra del Fuego,2456,HyG,SIPA-AFIP/OEDE
2014-10-01,2014,10,Tucuman,5621,HyG,SIPA-AFIP/OEDE
2014-07-01,2014,7,Capital Federal,87526,HyG,SIPA-AFIP/OEDE
2014-07-01,2014,7,Catamarca,1092,HyG,SIPA-AFIP/OEDE
2014-07-01,2014,7,Chaco,1618,HyG,SIPA-AFIP/OEDE
2014-07-01,2014,7,Chubut,3418,HyG,SIPA-AFIP/OEDE
2014-07-01,2014,7,Cordoba,18096,HyG,SIPA-AFIP/OEDE
2014-07-01,2014,7,Corrientes,3135,HyG,SIPA-AFIP/OEDE
2014-07-01,2014,7,Entre Rios,3775,HyG,SIPA-AFIP/OEDE
2014-07-01,2014,7,Formosa,851,HyG,SIPA-AFIP/OEDE
2014-07-01,2014,7,Jujuy,1589,HyG,SIPA-AFIP/OEDE
2014-07-01,2014,7,La Pampa,996,HyG,SIPA-AFIP/OEDE
2014-07-01,2014,7,La Rioja,824,HyG,SIPA-AFIP/OEDE
2014-07-01,2014,7,Mendoza,11003,HyG,SIPA-AFIP/OEDE
2014-07-01,2014,7,Misiones,4279,HyG,SIPA-AFIP/OEDE
2014-07-01,2014,7,Neuquen,5542,HyG,SIPA-AFIP/OEDE
2014-07-01,2014,7,Partidos de GBA,39167,HyG,SIPA-AFIP/OEDE
2014-07-01,2014,7,Resto de Buenos Aires,30692,HyG,SIPA-AFIP/OEDE
2014-07-01,2014,7,Rio Negro,7041,HyG,SIPA-AFIP/OEDE
2014-07-01,2014,7,Salta,4804,HyG,SIPA-AFIP/OEDE
2014-07-01,2014,7,San Juan,2670,HyG,SIPA-AFIP/OEDE
2014-07-01,2014,7,San Luis,1921,HyG,SIPA-AFIP/OEDE
2014-07-01,2014,7,Santa Cruz,3679,HyG,SIPA-AFIP/OEDE
2014-07-01,2014,7,Santa Fe,14275,HyG,SIPA-AFIP/OEDE
2014-07-01,2014,7,Santiago del Estero,2350,HyG,SIPA-AFIP/OEDE
2014-07-01,2014,7,Tierra del Fuego,2378,HyG,SIPA-AFIP/OEDE
2014-07-01,2014,7,Tucuman,5439,HyG,SIPA-AFIP/OEDE
2014-04-01,2014,4,Capital Federal,87187,HyG,SIPA-AFIP/OEDE
2014-04-01,2014,4,Catamarca,1058,HyG,SIPA-AFIP/OEDE
2014-04-01,2014,4,Chaco,1605,HyG,SIPA-AFIP/OEDE
2014-04-01,2014,4,Chubut,3298,HyG,SIPA-AFIP/OEDE
2014-04-01,2014,4,Cordoba,18197,HyG,SIPA-AFIP/OEDE
2014-04-01,2014,4,Corrientes,3022,HyG,SIPA-AFIP/OEDE
2014-04-01,2014,4,Entre Rios,3723,HyG,SIPA-AFIP/OEDE
2014-04-01,2014,4,Formosa,840,HyG,SIPA-AFIP/OEDE
2014-04-01,2014,4,Jujuy,1596,HyG,SIPA-AFIP/OEDE
2014-04-01,2014,4,La Pampa,1058,HyG,SIPA-AFIP/OEDE
2014-04-01,2014,4,La Rioja,793,HyG,SIPA-AFIP/OEDE
2014-04-01,2014,4,Mendoza,10758,HyG,SIPA-AFIP/OEDE
2014-04-01,2014,4,Misiones,4262,HyG,SIPA-AFIP/OEDE
2014-04-01,2014,4,Neuquen,5172,HyG,SIPA-AFIP/OEDE
2014-04-01,2014,4,Partidos de GBA,39255,HyG,SIPA-AFIP/OEDE
2014-04-01,2014,4,Resto de Buenos Aires,31318,HyG,SIPA-AFIP/OEDE
2014-04-01,2014,4,Rio Negro,6422,HyG,SIPA-AFIP/OEDE
2014-04-01,2014,4,Salta,4668,HyG,SIPA-AFIP/OEDE
2014-04-01,2014,4,San Juan,2722,HyG,SIPA-AFIP/OEDE
2014-04-01,2014,4,San Luis,1935,HyG,SIPA-AFIP/OEDE
2014-04-01,2014,4,Santa Cruz,3582,HyG,SIPA-AFIP/OEDE
2014-04-01,2014,4,Santa Fe,14368,HyG,SIPA-AFIP/OEDE
2014-04-01,2014,4,Santiago del Estero,2336,HyG,SIPA-AFIP/OEDE
2014-04-01,2014,4,Tierra del Fuego,2319,HyG,SIPA-AFIP/OEDE
2014-04-01,2014,4,Tucuman,5419,HyG,SIPA-AFIP/OEDE
2014-01-01,2014,1,Capital Federal,87296,HyG,SIPA-AFIP/OEDE
2014-01-01,2014,1,Catamarca,1186,HyG,SIPA-AFIP/OEDE
2014-01-01,2014,1,Chaco,1611,HyG,SIPA-AFIP/OEDE
2014-01-01,2014,1,Chubut,3695,HyG,SIPA-AFIP/OEDE
2014-01-01,2014,1,Cordoba,20975,HyG,SIPA-AFIP/OEDE
2014-01-01,2014,1,Corrientes,3144,HyG,SIPA-AFIP/OEDE
2014-01-01,2014,1,Entre Rios,4357,HyG,SIPA-AFIP/OEDE
2014-01-01,2014,1,Formosa,807,HyG,SIPA-AFIP/OEDE
2014-01-01,2014,1,Jujuy,1620,HyG,SIPA-AFIP/OEDE
2014-01-01,2014,1,La Pampa,1031,HyG,SIPA-AFIP/OEDE
2014-01-01,2014,1,La Rioja,843,HyG,SIPA-AFIP/OEDE
2014-01-01,2014,1,Mendoza,10788,HyG,SIPA-AFIP/OEDE
2014-01-01,2014,1,Misiones,4455,HyG,SIPA-AFIP/OEDE
2014-01-01,2014,1,Neuquen,5779,HyG,SIPA-AFIP/OEDE
2014-01-01,2014,1,Partidos de GBA,39638,HyG,SIPA-AFIP/OEDE
2014-01-01,2014,1,Resto de Buenos Aires,43217,HyG,SIPA-AFIP/OEDE
2014-01-01,2014,1,Rio Negro,7488,HyG,SIPA-AFIP/OEDE
2014-01-01,2014,1,Salta,4667,HyG,SIPA-AFIP/OEDE
2014-01-01,2014,1,San Juan,3214,HyG,SIPA-AFIP/OEDE
2014-01-01,2014,1,San Luis,2297,HyG,SIPA-AFIP/OEDE
2014-01-01,2014,1,Santa Cruz,4166,HyG,SIPA-AFIP/OEDE
2014-01-01,2014,1,Santa Fe,14606,HyG,SIPA-AFIP/OEDE
2014-01-01,2014,1,Santiago del Estero,1792,HyG,SIPA-AFIP/OEDE
2014-01-01,2014,1,Tierra del Fuego,2432,HyG,SIPA-AFIP/OEDE
2014-01-01,2014,1,Tucuman,5540,HyG,SIPA-AFIP/OEDE
2013-10-01,2013,10,Capital Federal,88759,HyG,SIPA-AFIP/OEDE
2013-10-01,2013,10,Catamarca,1134,HyG,SIPA-AFIP/OEDE
2013-10-01,2013,10,Chaco,1634,HyG,SIPA-AFIP/OEDE
2013-10-01,2013,10,Chubut,3520,HyG,SIPA-AFIP/OEDE
2013-10-01,2013,10,Cordoba,18607,HyG,SIPA-AFIP/OEDE
2013-10-01,2013,10,Corrientes,2964,HyG,SIPA-AFIP/OEDE
2013-10-01,2013,10,Entre Rios,3721,HyG,SIPA-AFIP/OEDE
2013-10-01,2013,10,Formosa,744,HyG,SIPA-AFIP/OEDE
2013-10-01,2013,10,Jujuy,1554,HyG,SIPA-AFIP/OEDE
2013-10-01,2013,10,La Pampa,1011,HyG,SIPA-AFIP/OEDE
2013-10-01,2013,10,La Rioja,854,HyG,SIPA-AFIP/OEDE
2013-10-01,2013,10,Mendoza,10123,HyG,SIPA-AFIP/OEDE
2013-10-01,2013,10,Misiones,4168,HyG,SIPA-AFIP/OEDE
2013-10-01,2013,10,Neuquen,5179,HyG,SIPA-AFIP/OEDE
2013-10-01,2013,10,Partidos de GBA,39755,HyG,SIPA-AFIP/OEDE
2013-10-01,2013,10,Resto de Buenos Aires,34369,HyG,SIPA-AFIP/OEDE
2013-10-01,2013,10,Rio Negro,6713,HyG,SIPA-AFIP/OEDE
2013-10-01,2013,10,Salta,4652,HyG,SIPA-AFIP/OEDE
2013-10-01,2013,10,San Juan,3440,HyG,SIPA-AFIP/OEDE
2013-10-01,2013,10,San Luis,1961,HyG,SIPA-AFIP/OEDE
2013-10-01,2013,10,Santa Cruz,3992,HyG,SIPA-AFIP/OEDE
2013-10-01,2013,10,Santa Fe,14673,HyG,SIPA-AFIP/OEDE
2013-10-01,2013,10,Santiago del Estero,1717,HyG,SIPA-AFIP/OEDE
2013-10-01,2013,10,Tierra del Fuego,2394,HyG,SIPA-AFIP/OEDE
2013-10-01,2013,10,Tucuman,5520,HyG,SIPA-AFIP/OEDE
2013-07-01,2013,7,Capital Federal,86721,HyG,SIPA-AFIP/OEDE
2013-07-01,2013,7,Catamarca,1132,HyG,SIPA-AFIP/OEDE
2013-07-01,2013,7,Chaco,1592,HyG,SIPA-AFIP/OEDE
2013-07-01,2013,7,Chubut,3249,HyG,SIPA-AFIP/OEDE
2013-07-01,2013,7,Cordoba,17571,HyG,SIPA-AFIP/OEDE
2013-07-01,2013,7,Corrientes,2836,HyG,SIPA-AFIP/OEDE
2013-07-01,2013,7,Entre Rios,3543,HyG,SIPA-AFIP/OEDE
2013-07-01,2013,7,Formosa,714,HyG,SIPA-AFIP/OEDE
2013-07-01,2013,7,Jujuy,1580,HyG,SIPA-AFIP/OEDE
2013-07-01,2013,7,La Pampa,946,HyG,SIPA-AFIP/OEDE
2013-07-01,2013,7,La Rioja,815,HyG,SIPA-AFIP/OEDE
2013-07-01,2013,7,Mendoza,10073,HyG,SIPA-AFIP/OEDE
2013-07-01,2013,7,Misiones,4108,HyG,SIPA-AFIP/OEDE
2013-07-01,2013,7,Neuquen,5020,HyG,SIPA-AFIP/OEDE
2013-07-01,2013,7,Partidos de GBA,38787,HyG,SIPA-AFIP/OEDE
2013-07-01,2013,7,Resto de Buenos Aires,30544,HyG,SIPA-AFIP/OEDE
2013-07-01,2013,7,Rio Negro,6807,HyG,SIPA-AFIP/OEDE
2013-07-01,2013,7,Salta,4678,HyG,SIPA-AFIP/OEDE
2013-07-01,2013,7,San Juan,3575,HyG,SIPA-AFIP/OEDE
2013-07-01,2013,7,San Luis,1889,HyG,SIPA-AFIP/OEDE
2013-07-01,2013,7,Santa Cruz,3471,HyG,SIPA-AFIP/OEDE
2013-07-01,2013,7,Santa Fe,14106,HyG,SIPA-AFIP/OEDE
2013-07-01,2013,7,Santiago del Estero,2268,HyG,SIPA-AFIP/OEDE
2013-07-01,2013,7,Tierra del Fuego,2166,HyG,SIPA-AFIP/OEDE
2013-07-01,2013,7,Tucuman,5359,HyG,SIPA-AFIP/OEDE
2013-04-01,2013,4,Capital Federal,86641,HyG,SIPA-AFIP/OEDE
2013-04-01,2013,4,Catamarca,1063,HyG,SIPA-AFIP/OEDE
2013-04-01,2013,4,Chaco,1557,HyG,SIPA-AFIP/OEDE
2013-04-01,2013,4,Chubut,3067,HyG,SIPA-AFIP/OEDE
2013-04-01,2013,4,Cordoba,17732,HyG,SIPA-AFIP/OEDE
2013-04-01,2013,4,Corrientes,2755,HyG,SIPA-AFIP/OEDE
2013-04-01,2013,4,Entre Rios,3575,HyG,SIPA-AFIP/OEDE
2013-04-01,2013,4,Formosa,725,HyG,SIPA-AFIP/OEDE
2013-04-01,2013,4,Jujuy,1500,HyG,SIPA-AFIP/OEDE
2013-04-01,2013,4,La Pampa,928,HyG,SIPA-AFIP/OEDE
2013-04-01,2013,4,La Rioja,779,HyG,SIPA-AFIP/OEDE
2013-04-01,2013,4,Mendoza,9793,HyG,SIPA-AFIP/OEDE
2013-04-01,2013,4,Misiones,4027,HyG,SIPA-AFIP/OEDE
2013-04-01,2013,4,Neuquen,4572,HyG,SIPA-AFIP/OEDE
2013-04-01,2013,4,Partidos de GBA,37788,HyG,SIPA-AFIP/OEDE
2013-04-01,2013,4,Resto de Buenos Aires,30818,HyG,SIPA-AFIP/OEDE
2013-04-01,2013,4,Rio Negro,6158,HyG,SIPA-AFIP/OEDE
2013-04-01,2013,4,Salta,4454,HyG,SIPA-AFIP/OEDE
2013-04-01,2013,4,San Juan,3689,HyG,SIPA-AFIP/OEDE
2013-04-01,2013,4,San Luis,1885,HyG,SIPA-AFIP/OEDE
2013-04-01,2013,4,Santa Cruz,3436,HyG,SIPA-AFIP/OEDE
2013-04-01,2013,4,Santa Fe,14182,HyG,SIPA-AFIP/OEDE
2013-04-01,2013,4,Santiago del Estero,2130,HyG,SIPA-AFIP/OEDE
2013-04-01,2013,4,Tierra del Fuego,2073,HyG,SIPA-AFIP/OEDE
2013-04-01,2013,4,Tucuman,5296,HyG,SIPA-AFIP/OEDE
2013-01-01,2013,1,Capital Federal,87951,HyG,SIPA-AFIP/OEDE
2013-01-01,2013,1,Catamarca,1140,HyG,SIPA-AFIP/OEDE
2013-01-01,2013,1,Chaco,1577,HyG,SIPA-AFIP/OEDE
2013-01-01,2013,1,Chubut,3351,HyG,SIPA-AFIP/OEDE
2013-01-01,2013,1,Cordoba,20390,HyG,SIPA-AFIP/OEDE
2013-01-01,2013,1,Corrientes,2891,HyG,SIPA-AFIP/OEDE
2013-01-01,2013,1,Entre Rios,4269,HyG,SIPA-AFIP/OEDE
2013-01-01,2013,1,Formosa,776,HyG,SIPA-AFIP/OEDE
2013-01-01,2013,1,Jujuy,1550,HyG,SIPA-AFIP/OEDE
2013-01-01,2013,1,La Pampa,1002,HyG,SIPA-AFIP/OEDE
2013-01-01,2013,1,La Rioja,811,HyG,SIPA-AFIP/OEDE
2013-01-01,2013,1,Mendoza,10061,HyG,SIPA-AFIP/OEDE
2013-01-01,2013,1,Misiones,4194,HyG,SIPA-AFIP/OEDE
2013-01-01,2013,1,Neuquen,5082,HyG,SIPA-AFIP/OEDE
2013-01-01,2013,1,Partidos de GBA,38259,HyG,SIPA-AFIP/OEDE
2013-01-01,2013,1,Resto de Buenos Aires,43193,HyG,SIPA-AFIP/OEDE
2013-01-01,2013,1,Rio Negro,7136,HyG,SIPA-AFIP/OEDE
2013-01-01,2013,1,Salta,4644,HyG,SIPA-AFIP/OEDE
2013-01-01,2013,1,San Juan,3778,HyG,SIPA-AFIP/OEDE
2013-01-01,2013,1,San Luis,2040,HyG,SIPA-AFIP/OEDE
2013-01-01,2013,1,Santa Cruz,4004,HyG,SIPA-AFIP/OEDE
2013-01-01,2013,1,Santa Fe,14488,HyG,SIPA-AFIP/OEDE
2013-01-01,2013,1,Santiago del Estero,2072,HyG,SIPA-AFIP/OEDE
2013-01-01,2013,1,Tierra del Fuego,2182,HyG,SIPA-AFIP/OEDE
2013-01-01,2013,1,Tucuman,5353,HyG,SIPA-AFIP/OEDE
2012-10-01,2012,10,Capital Federal,89592,HyG,SIPA-AFIP/OEDE
2012-10-01,2012,10,Catamarca,1101,HyG,SIPA-AFIP/OEDE
2012-10-01,2012,10,Chaco,1574,HyG,SIPA-AFIP/OEDE
2012-10-01,2012,10,Chubut,3298,HyG,SIPA-AFIP/OEDE
2012-10-01,2012,10,Cordoba,17978,HyG,SIPA-AFIP/OEDE
2012-10-01,2012,10,Corrientes,2741,HyG,SIPA-AFIP/OEDE
2012-10-01,2012,10,Entre Rios,3689,HyG,SIPA-AFIP/OEDE
2012-10-01,2012,10,Formosa,760,HyG,SIPA-AFIP/OEDE
2012-10-01,2012,10,Jujuy,1560,HyG,SIPA-AFIP/OEDE
2012-10-01,2012,10,La Pampa,978,HyG,SIPA-AFIP/OEDE
2012-10-01,2012,10,La Rioja,789,HyG,SIPA-AFIP/OEDE
2012-10-01,2012,10,Mendoza,9676,HyG,SIPA-AFIP/OEDE
2012-10-01,2012,10,Misiones,3988,HyG,SIPA-AFIP/OEDE
2012-10-01,2012,10,Neuquen,4503,HyG,SIPA-AFIP/OEDE
2012-10-01,2012,10,Partidos de GBA,38254,HyG,SIPA-AFIP/OEDE
2012-10-01,2012,10,Resto de Buenos Aires,33884,HyG,SIPA-AFIP/OEDE
2012-10-01,2012,10,Rio Negro,6513,HyG,SIPA-AFIP/OEDE
2012-10-01,2012,10,Salta,4575,HyG,SIPA-AFIP/OEDE
2012-10-01,2012,10,San Juan,3486,HyG,SIPA-AFIP/OEDE
2012-10-01,2012,10,San Luis,1864,HyG,SIPA-AFIP/OEDE
2012-10-01,2012,10,Santa Cruz,3715,HyG,SIPA-AFIP/OEDE
2012-10-01,2012,10,Santa Fe,14209,HyG,SIPA-AFIP/OEDE
2012-10-01,2012,10,Santiago del Estero,2026,HyG,SIPA-AFIP/OEDE
2012-10-01,2012,10,Tierra del Fuego,2156,HyG,SIPA-AFIP/OEDE
2012-10-01,2012,10,Tucuman,5246,HyG,SIPA-AFIP/OEDE
2012-07-01,2012,7,Capital Federal,87817,HyG,SIPA-AFIP/OEDE
2012-07-01,2012,7,Catamarca,1088,HyG,SIPA-AFIP/OEDE
2012-07-01,2012,7,Chaco,1516,HyG,SIPA-AFIP/OEDE
2012-07-01,2012,7,Chubut,3032,HyG,SIPA-AFIP/OEDE
2012-07-01,2012,7,Cordoba,17024,HyG,SIPA-AFIP/OEDE
2012-07-01,2012,7,Corrientes,2569,HyG,SIPA-AFIP/OEDE
2012-07-01,2012,7,Entre Rios,3486,HyG,SIPA-AFIP/OEDE
2012-07-01,2012,7,Formosa,723,HyG,SIPA-AFIP/OEDE
2012-07-01,2012,7,Jujuy,1518,HyG,SIPA-AFIP/OEDE
2012-07-01,2012,7,La Pampa,922,HyG,SIPA-AFIP/OEDE
2012-07-01,2012,7,La Rioja,744,HyG,SIPA-AFIP/OEDE
2012-07-01,2012,7,Mendoza,9639,HyG,SIPA-AFIP/OEDE
2012-07-01,2012,7,Misiones,3839,HyG,SIPA-AFIP/OEDE
2012-07-01,2012,7,Neuquen,4620,HyG,SIPA-AFIP/OEDE
2012-07-01,2012,7,Partidos de GBA,37250,HyG,SIPA-AFIP/OEDE
2012-07-01,2012,7,Resto de Buenos Aires,29929,HyG,SIPA-AFIP/OEDE
2012-07-01,2012,7,Rio Negro,6410,HyG,SIPA-AFIP/OEDE
2012-07-01,2012,7,Salta,4497,HyG,SIPA-AFIP/OEDE
2012-07-01,2012,7,San Juan,3169,HyG,SIPA-AFIP/OEDE
2012-07-01,2012,7,San Luis,1814,HyG,SIPA-AFIP/OEDE
2012-07-01,2012,7,Santa Cruz,3276,HyG,SIPA-AFIP/OEDE
2012-07-01,2012,7,Santa Fe,13594,HyG,SIPA-AFIP/OEDE
2012-07-01,2012,7,Santiago del Estero,2426,HyG,SIPA-AFIP/OEDE
2012-07-01,2012,7,Tierra del Fuego,2044,HyG,SIPA-AFIP/OEDE
2012-07-01,2012,7,Tucuman,5070,HyG,SIPA-AFIP/OEDE
2012-04-01,2012,4,Capital Federal,87449,HyG,SIPA-AFIP/OEDE
2012-04-01,2012,4,Catamarca,1055,HyG,SIPA-AFIP/OEDE
2012-04-01,2012,4,Chaco,1537,HyG,SIPA-AFIP/OEDE
2012-04-01,2012,4,Chubut,2951,HyG,SIPA-AFIP/OEDE
2012-04-01,2012,4,Cordoba,17064,HyG,SIPA-AFIP/OEDE
2012-04-01,2012,4,Corrientes,2573,HyG,SIPA-AFIP/OEDE
2012-04-01,2012,4,Entre Rios,3489,HyG,SIPA-AFIP/OEDE
2012-04-01,2012,4,Formosa,724,HyG,SIPA-AFIP/OEDE
2012-04-01,2012,4,Jujuy,1477,HyG,SIPA-AFIP/OEDE
2012-04-01,2012,4,La Pampa,895,HyG,SIPA-AFIP/OEDE
2012-04-01,2012,4,La Rioja,724,HyG,SIPA-AFIP/OEDE
2012-04-01,2012,4,Mendoza,9559,HyG,SIPA-AFIP/OEDE
2012-04-01,2012,4,Misiones,3832,HyG,SIPA-AFIP/OEDE
2012-04-01,2012,4,Neuquen,4234,HyG,SIPA-AFIP/OEDE
2012-04-01,2012,4,Partidos de GBA,36640,HyG,SIPA-AFIP/OEDE
2012-04-01,2012,4,Resto de Buenos Aires,30350,HyG,SIPA-AFIP/OEDE
2012-04-01,2012,4,Rio Negro,5592,HyG,SIPA-AFIP/OEDE
2012-04-01,2012,4,Salta,4418,HyG,SIPA-AFIP/OEDE
2012-04-01,2012,4,San Juan,3128,HyG,SIPA-AFIP/OEDE
2012-04-01,2012,4,San Luis,1841,HyG,SIPA-AFIP/OEDE
2012-04-01,2012,4,Santa Cruz,3296,HyG,SIPA-AFIP/OEDE
2012-04-01,2012,4,Santa Fe,13449,HyG,SIPA-AFIP/OEDE
2012-04-01,2012,4,Santiago del Estero,2148,HyG,SIPA-AFIP/OEDE
2012-04-01,2012,4,Tierra del Fuego,2042,HyG,SIPA-AFIP/OEDE
2012-04-01,2012,4,Tucuman,4997,HyG,SIPA-AFIP/OEDE
2012-01-01,2012,1,Capital Federal,88361,HyG,SIPA-AFIP/OEDE
2012-01-01,2012,1,Catamarca,1110,HyG,SIPA-AFIP/OEDE
2012-01-01,2012,1,Chaco,1572,HyG,SIPA-AFIP/OEDE
2012-01-01,2012,1,Chubut,3255,HyG,SIPA-AFIP/OEDE
2012-01-01,2012,1,Cordoba,19205,HyG,SIPA-AFIP/OEDE
2012-01-01,2012,1,Corrientes,2685,HyG,SIPA-AFIP/OEDE
2012-01-01,2012,1,Entre Rios,3880,HyG,SIPA-AFIP/OEDE
2012-01-01,2012,1,Formosa,703,HyG,SIPA-AFIP/OEDE
2012-01-01,2012,1,Jujuy,1567,HyG,SIPA-AFIP/OEDE
2012-01-01,2012,1,La Pampa,900,HyG,SIPA-AFIP/OEDE
2012-01-01,2012,1,La Rioja,780,HyG,SIPA-AFIP/OEDE
2012-01-01,2012,1,Mendoza,9790,HyG,SIPA-AFIP/OEDE
2012-01-01,2012,1,Misiones,4002,HyG,SIPA-AFIP/OEDE
2012-01-01,2012,1,Neuquen,4444,HyG,SIPA-AFIP/OEDE
2012-01-01,2012,1,Partidos de GBA,36487,HyG,SIPA-AFIP/OEDE
2012-01-01,2012,1,Resto de Buenos Aires,41397,HyG,SIPA-AFIP/OEDE
2012-01-01,2012,1,Rio Negro,6175,HyG,SIPA-AFIP/OEDE
2012-01-01,2012,1,Salta,4407,HyG,SIPA-AFIP/OEDE
2012-01-01,2012,1,San Juan,2971,HyG,SIPA-AFIP/OEDE
2012-01-01,2012,1,San Luis,1963,HyG,SIPA-AFIP/OEDE
2012-01-01,2012,1,Santa Cruz,3833,HyG,SIPA-AFIP/OEDE
2012-01-01,2012,1,Santa Fe,13733,HyG,SIPA-AFIP/OEDE
2012-01-01,2012,1,Santiago del Estero,1778,HyG,SIPA-AFIP/OEDE
2012-01-01,2012,1,Tierra del Fuego,2059,HyG,SIPA-AFIP/OEDE
2012-01-01,2012,1,Tucuman,5115,HyG,SIPA-AFIP/OEDE
2011-10-01,2011,10,Capital Federal,89672,HyG,SIPA-AFIP/OEDE
2011-10-01,2011,10,Catamarca,1092,HyG,SIPA-AFIP/OEDE
2011-10-01,2011,10,Chaco,1535,HyG,SIPA-AFIP/OEDE
2011-10-01,2011,10,Chubut,3128,HyG,SIPA-AFIP/OEDE
2011-10-01,2011,10,Cordoba,17270,HyG,SIPA-AFIP/OEDE
2011-10-01,2011,10,Corrientes,2576,HyG,SIPA-AFIP/OEDE
2011-10-01,2011,10,Entre Rios,3404,HyG,SIPA-AFIP/OEDE
2011-10-01,2011,10,Formosa,648,HyG,SIPA-AFIP/OEDE
2011-10-01,2011,10,Jujuy,1485,HyG,SIPA-AFIP/OEDE
2011-10-01,2011,10,La Pampa,936,HyG,SIPA-AFIP/OEDE
2011-10-01,2011,10,La Rioja,781,HyG,SIPA-AFIP/OEDE
2011-10-01,2011,10,Mendoza,9421,HyG,SIPA-AFIP/OEDE
2011-10-01,2011,10,Misiones,3926,HyG,SIPA-AFIP/OEDE
2011-10-01,2011,10,Neuquen,4303,HyG,SIPA-AFIP/OEDE
2011-10-01,2011,10,Partidos de GBA,36294,HyG,SIPA-AFIP/OEDE
2011-10-01,2011,10,Resto de Buenos Aires,32417,HyG,SIPA-AFIP/OEDE
2011-10-01,2011,10,Rio Negro,5784,HyG,SIPA-AFIP/OEDE
2011-10-01,2011,10,Salta,4446,HyG,SIPA-AFIP/OEDE
2011-10-01,2011,10,San Juan,2966,HyG,SIPA-AFIP/OEDE
2011-10-01,2011,10,San Luis,1704,HyG,SIPA-AFIP/OEDE
2011-10-01,2011,10,Santa Cruz,3720,HyG,SIPA-AFIP/OEDE
2011-10-01,2011,10,Santa Fe,13684,HyG,SIPA-AFIP/OEDE
2011-10-01,2011,10,Santiago del Estero,1715,HyG,SIPA-AFIP/OEDE
2011-10-01,2011,10,Tierra del Fuego,1961,HyG,SIPA-AFIP/OEDE
2011-10-01,2011,10,Tucuman,4970,HyG,SIPA-AFIP/OEDE
2011-07-01,2011,7,Capital Federal,87889,HyG,SIPA-AFIP/OEDE
2011-07-01,2011,7,Catamarca,1073,HyG,SIPA-AFIP/OEDE
2011-07-01,2011,7,Chaco,1474,HyG,SIPA-AFIP/OEDE
2011-07-01,2011,7,Chubut,2960,HyG,SIPA-AFIP/OEDE
2011-07-01,2011,7,Cordoba,16716,HyG,SIPA-AFIP/OEDE
2011-07-01,2011,7,Corrientes,2478,HyG,SIPA-AFIP/OEDE
2011-07-01,2011,7,Entre Rios,3289,HyG,SIPA-AFIP/OEDE
2011-07-01,2011,7,Formosa,560,HyG,SIPA-AFIP/OEDE
2011-07-01,2011,7,Jujuy,1437,HyG,SIPA-AFIP/OEDE
2011-07-01,2011,7,La Pampa,883,HyG,SIPA-AFIP/OEDE
2011-07-01,2011,7,La Rioja,739,HyG,SIPA-AFIP/OEDE
2011-07-01,2011,7,Mendoza,9123,HyG,SIPA-AFIP/OEDE
2011-07-01,2011,7,Misiones,3912,HyG,SIPA-AFIP/OEDE
2011-07-01,2011,7,Neuquen,4222,HyG,SIPA-AFIP/OEDE
2011-07-01,2011,7,Partidos de GBA,34964,HyG,SIPA-AFIP/OEDE
2011-07-01,2011,7,Resto de Buenos Aires,28725,HyG,SIPA-AFIP/OEDE
2011-07-01,2011,7,Rio Negro,5757,HyG,SIPA-AFIP/OEDE
2011-07-01,2011,7,Salta,4514,HyG,SIPA-AFIP/OEDE
2011-07-01,2011,7,San Juan,2860,HyG,SIPA-AFIP/OEDE
2011-07-01,2011,7,San Luis,1687,HyG,SIPA-AFIP/OEDE
2011-07-01,2011,7,Santa Cruz,3160,HyG,SIPA-AFIP/OEDE
2011-07-01,2011,7,Santa Fe,13172,HyG,SIPA-AFIP/OEDE
2011-07-01,2011,7,Santiago del Estero,2301,HyG,SIPA-AFIP/OEDE
2011-07-01,2011,7,Tierra del Fuego,1807,HyG,SIPA-AFIP/OEDE
2011-07-01,2011,7,Tucuman,4796,HyG,SIPA-AFIP/OEDE
2011-04-01,2011,4,Capital Federal,86223,HyG,SIPA-AFIP/OEDE
2011-04-01,2011,4,Catamarca,1046,HyG,SIPA-AFIP/OEDE
2011-04-01,2011,4,Chaco,1455,HyG,SIPA-AFIP/OEDE
2011-04-01,2011,4,Chubut,2964,HyG,SIPA-AFIP/OEDE
2011-04-01,2011,4,Cordoba,16339,HyG,SIPA-AFIP/OEDE
2011-04-01,2011,4,Corrientes,2471,HyG,SIPA-AFIP/OEDE
2011-04-01,2011,4,Entre Rios,3281,HyG,SIPA-AFIP/OEDE
2011-04-01,2011,4,Formosa,629,HyG,SIPA-AFIP/OEDE
2011-04-01,2011,4,Jujuy,1407,HyG,SIPA-AFIP/OEDE
2011-04-01,2011,4,La Pampa,856,HyG,SIPA-AFIP/OEDE
2011-04-01,2011,4,La Rioja,748,HyG,SIPA-AFIP/OEDE
2011-04-01,2011,4,Mendoza,8551,HyG,SIPA-AFIP/OEDE
2011-04-01,2011,4,Misiones,3736,HyG,SIPA-AFIP/OEDE
2011-04-01,2011,4,Neuquen,4248,HyG,SIPA-AFIP/OEDE
2011-04-01,2011,4,Partidos de GBA,34095,HyG,SIPA-AFIP/OEDE
2011-04-01,2011,4,Resto de Buenos Aires,28761,HyG,SIPA-AFIP/OEDE
2011-04-01,2011,4,Rio Negro,5511,HyG,SIPA-AFIP/OEDE
2011-04-01,2011,4,Salta,4353,HyG,SIPA-AFIP/OEDE
2011-04-01,2011,4,San Juan,2650,HyG,SIPA-AFIP/OEDE
2011-04-01,2011,4,San Luis,1565,HyG,SIPA-AFIP/OEDE
2011-04-01,2011,4,Santa Cruz,3220,HyG,SIPA-AFIP/OEDE
2011-04-01,2011,4,Santa Fe,13017,HyG,SIPA-AFIP/OEDE
2011-04-01,2011,4,Santiago del Estero,1977,HyG,SIPA-AFIP/OEDE
2011-04-01,2011,4,Tierra del Fuego,1769,HyG,SIPA-AFIP/OEDE
2011-04-01,2011,4,Tucuman,4722,HyG,SIPA-AFIP/OEDE
2011-01-01,2011,1,Capital Federal,85126,HyG,SIPA-AFIP/OEDE
2011-01-01,2011,1,Catamarca,1093,HyG,SIPA-AFIP/OEDE
2011-01-01,2011,1,Chaco,1427,HyG,SIPA-AFIP/OEDE
2011-01-01,2011,1,Chubut,3188,HyG,SIPA-AFIP/OEDE
2011-01-01,2011,1,Cordoba,18225,HyG,SIPA-AFIP/OEDE
2011-01-01,2011,1,Corrientes,2494,HyG,SIPA-AFIP/OEDE
2011-01-01,2011,1,Entre Rios,3776,HyG,SIPA-AFIP/OEDE
2011-01-01,2011,1,Formosa,687,HyG,SIPA-AFIP/OEDE
2011-01-01,2011,1,Jujuy,1472,HyG,SIPA-AFIP/OEDE
2011-01-01,2011,1,La Pampa,880,HyG,SIPA-AFIP/OEDE
2011-01-01,2011,1,La Rioja,759,HyG,SIPA-AFIP/OEDE
2011-01-01,2011,1,Mendoza,8808,HyG,SIPA-AFIP/OEDE
2011-01-01,2011,1,Misiones,3900,HyG,SIPA-AFIP/OEDE
2011-01-01,2011,1,Neuquen,4860,HyG,SIPA-AFIP/OEDE
2011-01-01,2011,1,Partidos de GBA,35281,HyG,SIPA-AFIP/OEDE
2011-01-01,2011,1,Resto de Buenos Aires,39336,HyG,SIPA-AFIP/OEDE
2011-01-01,2011,1,Rio Negro,6570,HyG,SIPA-AFIP/OEDE
2011-01-01,2011,1,Salta,4492,HyG,SIPA-AFIP/OEDE
2011-01-01,2011,1,San Juan,2533,HyG,SIPA-AFIP/OEDE
2011-01-01,2011,1,San Luis,1664,HyG,SIPA-AFIP/OEDE
2011-01-01,2011,1,Santa Cruz,3672,HyG,SIPA-AFIP/OEDE
2011-01-01,2011,1,Santa Fe,13096,HyG,SIPA-AFIP/OEDE
2011-01-01,2011,1,Santiago del Estero,1569,HyG,SIPA-AFIP/OEDE
2011-01-01,2011,1,Tierra del Fuego,1854,HyG,SIPA-AFIP/OEDE
2011-01-01,2011,1,Tucuman,4835,HyG,SIPA-AFIP/OEDE
2010-10-01,2010,10,Capital Federal,86208,HyG,SIPA-AFIP/OEDE
2010-10-01,2010,10,Catamarca,1063,HyG,SIPA-AFIP/OEDE
2010-10-01,2010,10,Chaco,1424,HyG,SIPA-AFIP/OEDE
2010-10-01,2010,10,Chubut,3021,HyG,SIPA-AFIP/OEDE
2010-10-01,2010,10,Cordoba,16378,HyG,SIPA-AFIP/OEDE
2010-10-01,2010,10,Corrientes,2396,HyG,SIPA-AFIP/OEDE
2010-10-01,2010,10,Entre Rios,3301,HyG,SIPA-AFIP/OEDE
2010-10-01,2010,10,Formosa,570,HyG,SIPA-AFIP/OEDE
2010-10-01,2010,10,Jujuy,1437,HyG,SIPA-AFIP/OEDE
2010-10-01,2010,10,La Pampa,854,HyG,SIPA-AFIP/OEDE
2010-10-01,2010,10,La Rioja,761,HyG,SIPA-AFIP/OEDE
2010-10-01,2010,10,Mendoza,8723,HyG,SIPA-AFIP/OEDE
2010-10-01,2010,10,Misiones,3764,HyG,SIPA-AFIP/OEDE
2010-10-01,2010,10,Neuquen,4451,HyG,SIPA-AFIP/OEDE
2010-10-01,2010,10,Partidos de GBA,34331,HyG,SIPA-AFIP/OEDE
2010-10-01,2010,10,Resto de Buenos Aires,30795,HyG,SIPA-AFIP/OEDE
2010-10-01,2010,10,Rio Negro,5838,HyG,SIPA-AFIP/OEDE
2010-10-01,2010,10,Salta,4364,HyG,SIPA-AFIP/OEDE
2010-10-01,2010,10,San Juan,2423,HyG,SIPA-AFIP/OEDE
2010-10-01,2010,10,San Luis,1469,HyG,SIPA-AFIP/OEDE
2010-10-01,2010,10,Santa Cruz,3384,HyG,SIPA-AFIP/OEDE
2010-10-01,2010,10,Santa Fe,12928,HyG,SIPA-AFIP/OEDE
2010-10-01,2010,10,Santiago del Estero,1634,HyG,SIPA-AFIP/OEDE
2010-10-01,2010,10,Tierra del Fuego,1823,HyG,SIPA-AFIP/OEDE
2010-10-01,2010,10,Tucuman,4760,HyG,SIPA-AFIP/OEDE
2010-07-01,2010,7,Capital Federal,85092,HyG,SIPA-AFIP/OEDE
2010-07-01,2010,7,Catamarca,1044,HyG,SIPA-AFIP/OEDE
2010-07-01,2010,7,Chaco,1315,HyG,SIPA-AFIP/OEDE
2010-07-01,2010,7,Chubut,2819,HyG,SIPA-AFIP/OEDE
2010-07-01,2010,7,Cordoba,15788,HyG,SIPA-AFIP/OEDE
2010-07-01,2010,7,Corrientes,2309,HyG,SIPA-AFIP/OEDE
2010-07-01,2010,7,Entre Rios,3203,HyG,SIPA-AFIP/OEDE
2010-07-01,2010,7,Formosa,554,HyG,SIPA-AFIP/OEDE
2010-07-01,2010,7,Jujuy,1416,HyG,SIPA-AFIP/OEDE
2010-07-01,2010,7,La Pampa,861,HyG,SIPA-AFIP/OEDE
2010-07-01,2010,7,La Rioja,749,HyG,SIPA-AFIP/OEDE
2010-07-01,2010,7,Mendoza,8669,HyG,SIPA-AFIP/OEDE
2010-07-01,2010,7,Misiones,3708,HyG,SIPA-AFIP/OEDE
2010-07-01,2010,7,Neuquen,4442,HyG,SIPA-AFIP/OEDE
2010-07-01,2010,7,Partidos de GBA,33199,HyG,SIPA-AFIP/OEDE
2010-07-01,2010,7,Resto de Buenos Aires,27205,HyG,SIPA-AFIP/OEDE
2010-07-01,2010,7,Rio Negro,6193,HyG,SIPA-AFIP/OEDE
2010-07-01,2010,7,Salta,4227,HyG,SIPA-AFIP/OEDE
2010-07-01,2010,7,San Juan,2199,HyG,SIPA-AFIP/OEDE
2010-07-01,2010,7,San Luis,1457,HyG,SIPA-AFIP/OEDE
2010-07-01,2010,7,Santa Cruz,2746,HyG,SIPA-AFIP/OEDE
2010-07-01,2010,7,Santa Fe,12476,HyG,SIPA-AFIP/OEDE
2010-07-01,2010,7,Santiago del Estero,2237,HyG,SIPA-AFIP/OEDE
2010-07-01,2010,7,Tierra del Fuego,1693,HyG,SIPA-AFIP/OEDE
2010-07-01,2010,7,Tucuman,4660,HyG,SIPA-AFIP/OEDE
2010-04-01,2010,4,Capital Federal,84081,HyG,SIPA-AFIP/OEDE
2010-04-01,2010,4,Catamarca,1045,HyG,SIPA-AFIP/OEDE
2010-04-01,2010,4,Chaco,1274,HyG,SIPA-AFIP/OEDE
2010-04-01,2010,4,Chubut,2737,HyG,SIPA-AFIP/OEDE
2010-04-01,2010,4,Cordoba,15760,HyG,SIPA-AFIP/OEDE
2010-04-01,2010,4,Corrientes,2264,HyG,SIPA-AFIP/OEDE
2010-04-01,2010,4,Entre Rios,3305,HyG,SIPA-AFIP/OEDE
2010-04-01,2010,4,Formosa,544,HyG,SIPA-AFIP/OEDE
2010-04-01,2010,4,Jujuy,1391,HyG,SIPA-AFIP/OEDE
2010-04-01,2010,4,La Pampa,860,HyG,SIPA-AFIP/OEDE
2010-04-01,2010,4,La Rioja,699,HyG,SIPA-AFIP/OEDE
2010-04-01,2010,4,Mendoza,8446,HyG,SIPA-AFIP/OEDE
2010-04-01,2010,4,Misiones,3635,HyG,SIPA-AFIP/OEDE
2010-04-01,2010,4,Neuquen,4209,HyG,SIPA-AFIP/OEDE
2010-04-01,2010,4,Partidos de GBA,31912,HyG,SIPA-AFIP/OEDE
2010-04-01,2010,4,Resto de Buenos Aires,27507,HyG,SIPA-AFIP/OEDE
2010-04-01,2010,4,Rio Negro,5200,HyG,SIPA-AFIP/OEDE
2010-04-01,2010,4,Salta,4098,HyG,SIPA-AFIP/OEDE
2010-04-01,2010,4,San Juan,2148,HyG,SIPA-AFIP/OEDE
2010-04-01,2010,4,San Luis,1518,HyG,SIPA-AFIP/OEDE
2010-04-01,2010,4,Santa Cruz,2831,HyG,SIPA-AFIP/OEDE
2010-04-01,2010,4,Santa Fe,12285,HyG,SIPA-AFIP/OEDE
2010-04-01,2010,4,Santiago del Estero,1951,HyG,SIPA-AFIP/OEDE
2010-04-01,2010,4,Tierra del Fuego,1657,HyG,SIPA-AFIP/OEDE
2010-04-01,2010,4,Tucuman,4591,HyG,SIPA-AFIP/OEDE
2010-01-01,2010,1,Capital Federal,82999,HyG,SIPA-AFIP/OEDE
2010-01-01,2010,1,Catamarca,1092,HyG,SIPA-AFIP/OEDE
2010-01-01,2010,1,Chaco,1317,HyG,SIPA-AFIP/OEDE
2010-01-01,2010,1,Chubut,2958,HyG,SIPA-AFIP/OEDE
2010-01-01,2010,1,Cordoba,17450,HyG,SIPA-AFIP/OEDE
2010-01-01,2010,1,Corrientes,2307,HyG,SIPA-AFIP/OEDE
2010-01-01,2010,1,Entre Rios,3652,HyG,SIPA-AFIP/OEDE
2010-01-01,2010,1,Formosa,552,HyG,SIPA-AFIP/OEDE
2010-01-01,2010,1,Jujuy,1576,HyG,SIPA-AFIP/OEDE
2010-01-01,2010,1,La Pampa,931,HyG,SIPA-AFIP/OEDE
2010-01-01,2010,1,La Rioja,682,HyG,SIPA-AFIP/OEDE
2010-01-01,2010,1,Mendoza,8514,HyG,SIPA-AFIP/OEDE
2010-01-01,2010,1,Misiones,3727,HyG,SIPA-AFIP/OEDE
2010-01-01,2010,1,Neuquen,4730,HyG,SIPA-AFIP/OEDE
2010-01-01,2010,1,Partidos de GBA,31709,HyG,SIPA-AFIP/OEDE
2010-01-01,2010,1,Resto de Buenos Aires,37293,HyG,SIPA-AFIP/OEDE
2010-01-01,2010,1,Rio Negro,6024,HyG,SIPA-AFIP/OEDE
2010-01-01,2010,1,Salta,4130,HyG,SIPA-AFIP/OEDE
2010-01-01,2010,1,San Juan,2220,HyG,SIPA-AFIP/OEDE
2010-01-01,2010,1,San Luis,1649,HyG,SIPA-AFIP/OEDE
2010-01-01,2010,1,Santa Cruz,3343,HyG,SIPA-AFIP/OEDE
2010-01-01,2010,1,Santa Fe,12446,HyG,SIPA-AFIP/OEDE
2010-01-01,2010,1,Santiago del Estero,1494,HyG,SIPA-AFIP/OEDE
2010-01-01,2010,1,Tierra del Fuego,1757,HyG,SIPA-AFIP/OEDE
2010-01-01,2010,1,Tucuman,4814,HyG,SIPA-AFIP/OEDE
2009-10-01,2009,10,Capital Federal,84277,HyG,SIPA-AFIP/OEDE
2009-10-01,2009,10,Catamarca,1049,HyG,SIPA-AFIP/OEDE
2009-10-01,2009,10,Chaco,1279,HyG,SIPA-AFIP/OEDE
2009-10-01,2009,10,Chubut,2838,HyG,SIPA-AFIP/OEDE
2009-10-01,2009,10,Cordoba,16266,HyG,SIPA-AFIP/OEDE
2009-10-01,2009,10,Corrientes,2219,HyG,SIPA-AFIP/OEDE
2009-10-01,2009,10,Entre Rios,3181,HyG,SIPA-AFIP/OEDE
2009-10-01,2009,10,Formosa,535,HyG,SIPA-AFIP/OEDE
2009-10-01,2009,10,Jujuy,1455,HyG,SIPA-AFIP/OEDE
2009-10-01,2009,10,La Pampa,882,HyG,SIPA-AFIP/OEDE
2009-10-01,2009,10,La Rioja,667,HyG,SIPA-AFIP/OEDE
2009-10-01,2009,10,Mendoza,8267,HyG,SIPA-AFIP/OEDE
2009-10-01,2009,10,Misiones,3485,HyG,SIPA-AFIP/OEDE
2009-10-01,2009,10,Neuquen,4277,HyG,SIPA-AFIP/OEDE
2009-10-01,2009,10,Partidos de GBA,31527,HyG,SIPA-AFIP/OEDE
2009-10-01,2009,10,Resto de Buenos Aires,29434,HyG,SIPA-AFIP/OEDE
2009-10-01,2009,10,Rio Negro,5400,HyG,SIPA-AFIP/OEDE
2009-10-01,2009,10,Salta,4010,HyG,SIPA-AFIP/OEDE
2009-10-01,2009,10,San Juan,2172,HyG,SIPA-AFIP/OEDE
2009-10-01,2009,10,San Luis,1559,HyG,SIPA-AFIP/OEDE
2009-10-01,2009,10,Santa Cruz,3209,HyG,SIPA-AFIP/OEDE
2009-10-01,2009,10,Santa Fe,12399,HyG,SIPA-AFIP/OEDE
2009-10-01,2009,10,Santiago del Estero,1487,HyG,SIPA-AFIP/OEDE
2009-10-01,2009,10,Tierra del Fuego,1714,HyG,SIPA-AFIP/OEDE
2009-10-01,2009,10,Tucuman,4748,HyG,SIPA-AFIP/OEDE
2009-07-01,2009,7,Capital Federal,82480,HyG,SIPA-AFIP/OEDE
2009-07-01,2009,7,Catamarca,1045,HyG,SIPA-AFIP/OEDE
2009-07-01,2009,7,Chaco,1217,HyG,SIPA-AFIP/OEDE
2009-07-01,2009,7,Chubut,2632,HyG,SIPA-AFIP/OEDE
2009-07-01,2009,7,Cordoba,15204,HyG,SIPA-AFIP/OEDE
2009-07-01,2009,7,Corrientes,2208,HyG,SIPA-AFIP/OEDE
2009-07-01,2009,7,Entre Rios,3020,HyG,SIPA-AFIP/OEDE
2009-07-01,2009,7,Formosa,529,HyG,SIPA-AFIP/OEDE
2009-07-01,2009,7,Jujuy,1371,HyG,SIPA-AFIP/OEDE
2009-07-01,2009,7,La Pampa,843,HyG,SIPA-AFIP/OEDE
2009-07-01,2009,7,La Rioja,635,HyG,SIPA-AFIP/OEDE
2009-07-01,2009,7,Mendoza,8026,HyG,SIPA-AFIP/OEDE
2009-07-01,2009,7,Misiones,3337,HyG,SIPA-AFIP/OEDE
2009-07-01,2009,7,Neuquen,4355,HyG,SIPA-AFIP/OEDE
2009-07-01,2009,7,Partidos de GBA,29925,HyG,SIPA-AFIP/OEDE
2009-07-01,2009,7,Resto de Buenos Aires,25439,HyG,SIPA-AFIP/OEDE
2009-07-01,2009,7,Rio Negro,5649,HyG,SIPA-AFIP/OEDE
2009-07-01,2009,7,Salta,3921,HyG,SIPA-AFIP/OEDE
2009-07-01,2009,7,San Juan,2032,HyG,SIPA-AFIP/OEDE
2009-07-01,2009,7,San Luis,1440,HyG,SIPA-AFIP/OEDE
2009-07-01,2009,7,Santa Cruz,2556,HyG,SIPA-AFIP/OEDE
2009-07-01,2009,7,Santa Fe,11704,HyG,SIPA-AFIP/OEDE
2009-07-01,2009,7,Santiago del Estero,1997,HyG,SIPA-AFIP/OEDE
2009-07-01,2009,7,Tierra del Fuego,1587,HyG,SIPA-AFIP/OEDE
2009-07-01,2009,7,Tucuman,4675,HyG,SIPA-AFIP/OEDE
2009-04-01,2009,4,Capital Federal,83543,HyG,SIPA-AFIP/OEDE
2009-04-01,2009,4,Catamarca,1066,HyG,SIPA-AFIP/OEDE
2009-04-01,2009,4,Chaco,1231,HyG,SIPA-AFIP/OEDE
2009-04-01,2009,4,Chubut,2629,HyG,SIPA-AFIP/OEDE
2009-04-01,2009,4,Cordoba,15309,HyG,SIPA-AFIP/OEDE
2009-04-01,2009,4,Corrientes,2259,HyG,SIPA-AFIP/OEDE
2009-04-01,2009,4,Entre Rios,3048,HyG,SIPA-AFIP/OEDE
2009-04-01,2009,4,Formosa,518,HyG,SIPA-AFIP/OEDE
2009-04-01,2009,4,Jujuy,1361,HyG,SIPA-AFIP/OEDE
2009-04-01,2009,4,La Pampa,861,HyG,SIPA-AFIP/OEDE
2009-04-01,2009,4,La Rioja,627,HyG,SIPA-AFIP/OEDE
2009-04-01,2009,4,Mendoza,7987,HyG,SIPA-AFIP/OEDE
2009-04-01,2009,4,Misiones,3381,HyG,SIPA-AFIP/OEDE
2009-04-01,2009,4,Neuquen,4134,HyG,SIPA-AFIP/OEDE
2009-04-01,2009,4,Partidos de GBA,29700,HyG,SIPA-AFIP/OEDE
2009-04-01,2009,4,Resto de Buenos Aires,26856,HyG,SIPA-AFIP/OEDE
2009-04-01,2009,4,Rio Negro,5002,HyG,SIPA-AFIP/OEDE
2009-04-01,2009,4,Salta,3864,HyG,SIPA-AFIP/OEDE
2009-04-01,2009,4,San Juan,2034,HyG,SIPA-AFIP/OEDE
2009-04-01,2009,4,San Luis,1451,HyG,SIPA-AFIP/OEDE
2009-04-01,2009,4,Santa Cruz,2710,HyG,SIPA-AFIP/OEDE
2009-04-01,2009,4,Santa Fe,11820,HyG,SIPA-AFIP/OEDE
2009-04-01,2009,4,Santiago del Estero,1654,HyG,SIPA-AFIP/OEDE
2009-04-01,2009,4,Tierra del Fuego,1622,HyG,SIPA-AFIP/OEDE
2009-04-01,2009,4,Tucuman,4677,HyG,SIPA-AFIP/OEDE
2008-10-01,2008,10,Capital Federal,87021,HyG,SIPA-AFIP/OEDE
2008-10-01,2008,10,Catamarca,1100,HyG,SIPA-AFIP/OEDE
2008-10-01,2008,10,Chaco,1160,HyG,SIPA-AFIP/OEDE
2008-10-01,2008,10,Chubut,2969,HyG,SIPA-AFIP/OEDE
2008-10-01,2008,10,Cordoba,15661,HyG,SIPA-AFIP/OEDE
2008-10-01,2008,10,Corrientes,2594,HyG,SIPA-AFIP/OEDE
2008-10-01,2008,10,Entre Rios,3265,HyG,SIPA-AFIP/OEDE
2008-10-01,2008,10,Formosa,464,HyG,SIPA-AFIP/OEDE
2008-10-01,2008,10,Jujuy,1300,HyG,SIPA-AFIP/OEDE
2008-10-01,2008,10,La Pampa,885,HyG,SIPA-AFIP/OEDE
2008-10-01,2008,10,La Rioja,659,HyG,SIPA-AFIP/OEDE
2008-10-01,2008,10,Mendoza,7904,HyG,SIPA-AFIP/OEDE
2008-10-01,2008,10,Misiones,3407,HyG,SIPA-AFIP/OEDE
2008-10-01,2008,10,Neuquen,4449,HyG,SIPA-AFIP/OEDE
2008-10-01,2008,10,Partidos de GBA,30465,HyG,SIPA-AFIP/OEDE
2008-10-01,2008,10,Resto de Buenos Aires,28851,HyG,SIPA-AFIP/OEDE
2008-10-01,2008,10,Rio Negro,5503,HyG,SIPA-AFIP/OEDE
2008-10-01,2008,10,Salta,3810,HyG,SIPA-AFIP/OEDE
2008-10-01,2008,10,San Juan,2009,HyG,SIPA-AFIP/OEDE
2008-10-01,2008,10,San Luis,1362,HyG,SIPA-AFIP/OEDE
2008-10-01,2008,10,Santa Cruz,3373,HyG,SIPA-AFIP/OEDE
2008-10-01,2008,10,Santa Fe,12168,HyG,SIPA-AFIP/OEDE
2008-10-01,2008,10,Santiago del Estero,1342,HyG,SIPA-AFIP/OEDE
2008-10-01,2008,10,Tierra del Fuego,1864,HyG,SIPA-AFIP/OEDE
2008-10-01,2008,10,Tucuman,4879,HyG,SIPA-AFIP/OEDE
2008-07-01,2008,7,Capital Federal,85921,HyG,SIPA-AFIP/OEDE
2008-07-01,2008,7,Catamarca,1130,HyG,SIPA-AFIP/OEDE
2008-07-01,2008,7,Chaco,967,HyG,SIPA-AFIP/OEDE
2008-07-01,2008,7,Chubut,2741,HyG,SIPA-AFIP/OEDE
2008-07-01,2008,7,Cordoba,14757,HyG,SIPA-AFIP/OEDE
2008-07-01,2008,7,Corrientes,2539,HyG,SIPA-AFIP/OEDE
2008-07-01,2008,7,Entre Rios,2868,HyG,SIPA-AFIP/OEDE
2008-07-01,2008,7,Formosa,460,HyG,SIPA-AFIP/OEDE
2008-07-01,2008,7,Jujuy,1269,HyG,SIPA-AFIP/OEDE
2008-07-01,2008,7,La Pampa,910,HyG,SIPA-AFIP/OEDE
2008-07-01,2008,7,La Rioja,649,HyG,SIPA-AFIP/OEDE
2008-07-01,2008,7,Mendoza,7877,HyG,SIPA-AFIP/OEDE
2008-07-01,2008,7,Misiones,3367,HyG,SIPA-AFIP/OEDE
2008-07-01,2008,7,Neuquen,4557,HyG,SIPA-AFIP/OEDE
2008-07-01,2008,7,Partidos de GBA,29930,HyG,SIPA-AFIP/OEDE
2008-07-01,2008,7,Resto de Buenos Aires,24907,HyG,SIPA-AFIP/OEDE
2008-07-01,2008,7,Rio Negro,5944,HyG,SIPA-AFIP/OEDE
2008-07-01,2008,7,Salta,3919,HyG,SIPA-AFIP/OEDE
2008-07-01,2008,7,San Juan,1815,HyG,SIPA-AFIP/OEDE
2008-07-01,2008,7,San Luis,1339,HyG,SIPA-AFIP/OEDE
2008-07-01,2008,7,Santa Cruz,2813,HyG,SIPA-AFIP/OEDE
2008-07-01,2008,7,Santa Fe,11458,HyG,SIPA-AFIP/OEDE
2008-07-01,2008,7,Santiago del Estero,1924,HyG,SIPA-AFIP/OEDE
2008-07-01,2008,7,Tierra del Fuego,1765,HyG,SIPA-AFIP/OEDE
2008-07-01,2008,7,Tucuman,4870,HyG,SIPA-AFIP/OEDE
2008-04-01,2008,4,Capital Federal,84905,HyG,SIPA-AFIP/OEDE
2008-04-01,2008,4,Catamarca,1047,HyG,SIPA-AFIP/OEDE
2008-04-01,2008,4,Chaco,938,HyG,SIPA-AFIP/OEDE
2008-04-01,2008,4,Chubut,2638,HyG,SIPA-AFIP/OEDE
2008-04-01,2008,4,Cordoba,14440,HyG,SIPA-AFIP/OEDE
2008-04-01,2008,4,Corrientes,2499,HyG,SIPA-AFIP/OEDE
2008-04-01,2008,4,Entre Rios,2903,HyG,SIPA-AFIP/OEDE
2008-04-01,2008,4,Formosa,481,HyG,SIPA-AFIP/OEDE
2008-04-01,2008,4,Jujuy,1196,HyG,SIPA-AFIP/OEDE
2008-04-01,2008,4,La Pampa,919,HyG,SIPA-AFIP/OEDE
2008-04-01,2008,4,La Rioja,660,HyG,SIPA-AFIP/OEDE
2008-04-01,2008,4,Mendoza,7479,HyG,SIPA-AFIP/OEDE
2008-04-01,2008,4,Misiones,3102,HyG,SIPA-AFIP/OEDE
2008-04-01,2008,4,Neuquen,4197,HyG,SIPA-AFIP/OEDE
2008-04-01,2008,4,Partidos de GBA,28959,HyG,SIPA-AFIP/OEDE
2008-04-01,2008,4,Resto de Buenos Aires,24430,HyG,SIPA-AFIP/OEDE
2008-04-01,2008,4,Rio Negro,5163,HyG,SIPA-AFIP/OEDE
2008-04-01,2008,4,Salta,3689,HyG,SIPA-AFIP/OEDE
2008-04-01,2008,4,San Juan,1873,HyG,SIPA-AFIP/OEDE
2008-04-01,2008,4,San Luis,1313,HyG,SIPA-AFIP/OEDE
2008-04-01,2008,4,Santa Cruz,2642,HyG,SIPA-AFIP/OEDE
2008-04-01,2008,4,Santa Fe,11271,HyG,SIPA-AFIP/OEDE
2008-04-01,2008,4,Santiago del Estero,1451,HyG,SIPA-AFIP/OEDE
2008-04-01,2008,4,Tierra del Fuego,1772,HyG,SIPA-AFIP/OEDE
2008-04-01,2008,4,Tucuman,4729,HyG,SIPA-AFIP/OEDE
2007-10-01,2007,10,Capital Federal,82911,HyG,SIPA-AFIP/OEDE
2007-10-01,2007,10,Catamarca,989,HyG,SIPA-AFIP/OEDE
2007-10-01,2007,10,Chaco,894,HyG,SIPA-AFIP/OEDE
2007-10-01,2007,10,Chubut,2784,HyG,SIPA-AFIP/OEDE
2007-10-01,2007,10,Cordoba,14134,HyG,SIPA-AFIP/OEDE
2007-10-01,2007,10,Corrientes,2288,HyG,SIPA-AFIP/OEDE
2007-10-01,2007,10,Entre Rios,2862,HyG,SIPA-AFIP/OEDE
2007-10-01,2007,10,Formosa,474,HyG,SIPA-AFIP/OEDE
2007-10-01,2007,10,Jujuy,1122,HyG,SIPA-AFIP/OEDE
2007-10-01,2007,10,La Pampa,923,HyG,SIPA-AFIP/OEDE
2007-10-01,2007,10,La Rioja,701,HyG,SIPA-AFIP/OEDE
2007-10-01,2007,10,Mendoza,7327,HyG,SIPA-AFIP/OEDE
2007-10-01,2007,10,Misiones,3222,HyG,SIPA-AFIP/OEDE
2007-10-01,2007,10,Neuquen,4168,HyG,SIPA-AFIP/OEDE
2007-10-01,2007,10,Partidos de GBA,27792,HyG,SIPA-AFIP/OEDE
2007-10-01,2007,10,Resto de Buenos Aires,26183,HyG,SIPA-AFIP/OEDE
2007-10-01,2007,10,Rio Negro,5479,HyG,SIPA-AFIP/OEDE
2007-10-01,2007,10,Salta,3436,HyG,SIPA-AFIP/OEDE
2007-10-01,2007,10,San Juan,1854,HyG,SIPA-AFIP/OEDE
2007-10-01,2007,10,San Luis,1247,HyG,SIPA-AFIP/OEDE
2007-10-01,2007,10,Santa Cruz,3079,HyG,SIPA-AFIP/OEDE
2007-10-01,2007,10,Santa Fe,10840,HyG,SIPA-AFIP/OEDE
2007-10-01,2007,10,Santiago del Estero,1325,HyG,SIPA-AFIP/OEDE
2007-10-01,2007,10,Tierra del Fuego,1806,HyG,SIPA-AFIP/OEDE
2007-10-01,2007,10,Tucuman,4310,HyG,SIPA-AFIP/OEDE
2007-07-01,2007,7,Capital Federal,80992,HyG,SIPA-AFIP/OEDE
2007-07-01,2007,7,Catamarca,924,HyG,SIPA-AFIP/OEDE
2007-07-01,2007,7,Chaco,881,HyG,SIPA-AFIP/OEDE
2007-07-01,2007,7,Chubut,2556,HyG,SIPA-AFIP/OEDE
2007-07-01,2007,7,Cordoba,13315,HyG,SIPA-AFIP/OEDE
2007-07-01,2007,7,Corrientes,2281,HyG,SIPA-AFIP/OEDE
2007-07-01,2007,7,Entre Rios,2585,HyG,SIPA-AFIP/OEDE
2007-07-01,2007,7,Formosa,415,HyG,SIPA-AFIP/OEDE
2007-07-01,2007,7,Jujuy,1073,HyG,SIPA-AFIP/OEDE
2007-07-01,2007,7,La Pampa,841,HyG,SIPA-AFIP/OEDE
2007-07-01,2007,7,La Rioja,629,HyG,SIPA-AFIP/OEDE
2007-07-01,2007,7,Mendoza,7269,HyG,SIPA-AFIP/OEDE
2007-07-01,2007,7,Misiones,3087,HyG,SIPA-AFIP/OEDE
2007-07-01,2007,7,Neuquen,4223,HyG,SIPA-AFIP/OEDE
2007-07-01,2007,7,Partidos de GBA,26152,HyG,SIPA-AFIP/OEDE
2007-07-01,2007,7,Resto de Buenos Aires,22767,HyG,SIPA-AFIP/OEDE
2007-07-01,2007,7,Rio Negro,5903,HyG,SIPA-AFIP/OEDE
2007-07-01,2007,7,Salta,3417,HyG,SIPA-AFIP/OEDE
2007-07-01,2007,7,San Juan,1793,HyG,SIPA-AFIP/OEDE
2007-07-01,2007,7,San Luis,1237,HyG,SIPA-AFIP/OEDE
2007-07-01,2007,7,Santa Cruz,2290,HyG,SIPA-AFIP/OEDE
2007-07-01,2007,7,Santa Fe,10307,HyG,SIPA-AFIP/OEDE
2007-07-01,2007,7,Santiago del Estero,1775,HyG,SIPA-AFIP/OEDE
2007-07-01,2007,7,Tierra del Fuego,1614,HyG,SIPA-AFIP/OEDE
2007-07-01,2007,7,Tucuman,3810,HyG,SIPA-AFIP/OEDE
2007-04-01,2007,4,Capital Federal,80009,HyG,SIPA-AFIP/OEDE
2007-04-01,2007,4,Catamarca,883,HyG,SIPA-AFIP/OEDE
2007-04-01,2007,4,Chaco,860,HyG,SIPA-AFIP/OEDE
2007-04-01,2007,4,Chubut,2412,HyG,SIPA-AFIP/OEDE
2007-04-01,2007,4,Cordoba,13261,HyG,SIPA-AFIP/OEDE
2007-04-01,2007,4,Corrientes,2256,HyG,SIPA-AFIP/OEDE
2007-04-01,2007,4,Entre Rios,2582,HyG,SIPA-AFIP/OEDE
2007-04-01,2007,4,Formosa,406,HyG,SIPA-AFIP/OEDE
2007-04-01,2007,4,Jujuy,1024,HyG,SIPA-AFIP/OEDE
2007-04-01,2007,4,La Pampa,794,HyG,SIPA-AFIP/OEDE
2007-04-01,2007,4,La Rioja,590,HyG,SIPA-AFIP/OEDE
2007-04-01,2007,4,Mendoza,6861,HyG,SIPA-AFIP/OEDE
2007-04-01,2007,4,Misiones,2890,HyG,SIPA-AFIP/OEDE
2007-04-01,2007,4,Neuquen,3777,HyG,SIPA-AFIP/OEDE
2007-04-01,2007,4,Partidos de GBA,25388,HyG,SIPA-AFIP/OEDE
2007-04-01,2007,4,Resto de Buenos Aires,22297,HyG,SIPA-AFIP/OEDE
2007-04-01,2007,4,Rio Negro,4945,HyG,SIPA-AFIP/OEDE
2007-04-01,2007,4,Salta,3219,HyG,SIPA-AFIP/OEDE
2007-04-01,2007,4,San Juan,1637,HyG,SIPA-AFIP/OEDE
2007-04-01,2007,4,San Luis,1175,HyG,SIPA-AFIP/OEDE
2007-04-01,2007,4,Santa Cruz,2364,HyG,SIPA-AFIP/OEDE
2007-04-01,2007,4,Santa Fe,10100,HyG,SIPA-AFIP/OEDE
2007-04-01,2007,4,Santiago del Estero,1337,HyG,SIPA-AFIP/OEDE
2007-04-01,2007,4,Tierra del Fuego,1597,HyG,SIPA-AFIP/OEDE
2007-04-01,2007,4,Tucuman,3517,HyG,SIPA-AFIP/OEDE
2006-10-01,2006,10,Capital Federal,78575,HyG,SIPA-AFIP/OEDE
2006-10-01,2006,10,Catamarca,791,HyG,SIPA-AFIP/OEDE
2006-10-01,2006,10,Chaco,800,HyG,SIPA-AFIP/OEDE
2006-10-01,2006,10,Chubut,2288,HyG,SIPA-AFIP/OEDE
2006-10-01,2006,10,Cordoba,13541,HyG,SIPA-AFIP/OEDE
2006-10-01,2006,10,Corrientes,2864,HyG,SIPA-AFIP/OEDE
2006-10-01,2006,10,Entre Rios,2765,HyG,SIPA-AFIP/OEDE
2006-10-01,2006,10,Formosa,449,HyG,SIPA-AFIP/OEDE
2006-10-01,2006,10,Jujuy,916,HyG,SIPA-AFIP/OEDE
2006-10-01,2006,10,La Pampa,761,HyG,SIPA-AFIP/OEDE
2006-10-01,2006,10,La Rioja,605,HyG,SIPA-AFIP/OEDE
2006-10-01,2006,10,Mendoza,6784,HyG,SIPA-AFIP/OEDE
2006-10-01,2006,10,Misiones,2699,HyG,SIPA-AFIP/OEDE
2006-10-01,2006,10,Neuquen,3617,HyG,SIPA-AFIP/OEDE
2006-10-01,2006,10,Partidos de GBA,24327,HyG,SIPA-AFIP/OEDE
2006-10-01,2006,10,Resto de Buenos Aires,22987,HyG,SIPA-AFIP/OEDE
2006-10-01,2006,10,Rio Negro,4691,HyG,SIPA-AFIP/OEDE
2006-10-01,2006,10,Salta,2978,HyG,SIPA-AFIP/OEDE
2006-10-01,2006,10,San Juan,1493,HyG,SIPA-AFIP/OEDE
2006-10-01,2006,10,San Luis,1102,HyG,SIPA-AFIP/OEDE
2006-10-01,2006,10,Santa Cruz,2739,HyG,SIPA-AFIP/OEDE
2006-10-01,2006,10,Santa Fe,10142,HyG,SIPA-AFIP/OEDE
2006-10-01,2006,10,Santiago del Estero,982,HyG,SIPA-AFIP/OEDE
2006-10-01,2006,10,Tierra del Fuego,1612,HyG,SIPA-AFIP/OEDE
2006-10-01,2006,10,Tucuman,3323,HyG,SIPA-AFIP/OEDE
2006-07-01,2006,7,Capital Federal,76278,HyG,SIPA-AFIP/OEDE
2006-07-01,2006,7,Catamarca,731,HyG,SIPA-AFIP/OEDE
2006-07-01,2006,7,Chaco,717,HyG,SIPA-AFIP/OEDE
2006-07-01,2006,7,Chubut,2130,HyG,SIPA-AFIP/OEDE
2006-07-01,2006,7,Cordoba,12737,HyG,SIPA-AFIP/OEDE
2006-07-01,2006,7,Corrientes,2880,HyG,SIPA-AFIP/OEDE
2006-07-01,2006,7,Entre Rios,2622,HyG,SIPA-AFIP/OEDE
2006-07-01,2006,7,Formosa,386,HyG,SIPA-AFIP/OEDE
2006-07-01,2006,7,Jujuy,840,HyG,SIPA-AFIP/OEDE
2006-07-01,2006,7,La Pampa,755,HyG,SIPA-AFIP/OEDE
2006-07-01,2006,7,La Rioja,604,HyG,SIPA-AFIP/OEDE
2006-07-01,2006,7,Mendoza,6570,HyG,SIPA-AFIP/OEDE
2006-07-01,2006,7,Misiones,2556,HyG,SIPA-AFIP/OEDE
2006-07-01,2006,7,Neuquen,3542,HyG,SIPA-AFIP/OEDE
2006-07-01,2006,7,Partidos de GBA,22267,HyG,SIPA-AFIP/OEDE
2006-07-01,2006,7,Resto de Buenos Aires,20233,HyG,SIPA-AFIP/OEDE
2006-07-01,2006,7,Rio Negro,5148,HyG,SIPA-AFIP/OEDE
2006-07-01,2006,7,Salta,2782,HyG,SIPA-AFIP/OEDE
2006-07-01,2006,7,San Juan,1366,HyG,SIPA-AFIP/OEDE
2006-07-01,2006,7,San Luis,1022,HyG,SIPA-AFIP/OEDE
2006-07-01,2006,7,Santa Cruz,1848,HyG,SIPA-AFIP/OEDE
2006-07-01,2006,7,Santa Fe,9722,HyG,SIPA-AFIP/OEDE
2006-07-01,2006,7,Santiago del Estero,1538,HyG,SIPA-AFIP/OEDE
2006-07-01,2006,7,Tierra del Fuego,1388,HyG,SIPA-AFIP/OEDE
2006-07-01,2006,7,Tucuman,3208,HyG,SIPA-AFIP/OEDE
2006-04-01,2006,4,Capital Federal,74133,HyG,SIPA-AFIP/OEDE
2006-04-01,2006,4,Catamarca,690,HyG,SIPA-AFIP/OEDE
2006-04-01,2006,4,Chaco,705,HyG,SIPA-AFIP/OEDE
2006-04-01,2006,4,Chubut,2017,HyG,SIPA-AFIP/OEDE
2006-04-01,2006,4,Cordoba,12599,HyG,SIPA-AFIP/OEDE
2006-04-01,2006,4,Corrientes,2988,HyG,SIPA-AFIP/OEDE
2006-04-01,2006,4,Entre Rios,2312,HyG,SIPA-AFIP/OEDE
2006-04-01,2006,4,Formosa,390,HyG,SIPA-AFIP/OEDE
2006-04-01,2006,4,Jujuy,813,HyG,SIPA-AFIP/OEDE
2006-04-01,2006,4,La Pampa,740,HyG,SIPA-AFIP/OEDE
2006-04-01,2006,4,La Rioja,597,HyG,SIPA-AFIP/OEDE
2006-04-01,2006,4,Mendoza,6192,HyG,SIPA-AFIP/OEDE
2006-04-01,2006,4,Misiones,2421,HyG,SIPA-AFIP/OEDE
2006-04-01,2006,4,Neuquen,3147,HyG,SIPA-AFIP/OEDE
2006-04-01,2006,4,Partidos de GBA,21393,HyG,SIPA-AFIP/OEDE
2006-04-01,2006,4,Resto de Buenos Aires,20269,HyG,SIPA-AFIP/OEDE
2006-04-01,2006,4,Rio Negro,4124,HyG,SIPA-AFIP/OEDE
2006-04-01,2006,4,Salta,2642,HyG,SIPA-AFIP/OEDE
2006-04-01,2006,4,San Juan,1327,HyG,SIPA-AFIP/OEDE
2006-04-01,2006,4,San Luis,967,HyG,SIPA-AFIP/OEDE
2006-04-01,2006,4,Santa Cruz,1967,HyG,SIPA-AFIP/OEDE
2006-04-01,2006,4,Santa Fe,9535,HyG,SIPA-AFIP/OEDE
2006-04-01,2006,4,Santiago del Estero,1164,HyG,SIPA-AFIP/OEDE
2006-04-01,2006,4,Tierra del Fuego,1433,HyG,SIPA-AFIP/OEDE
2006-04-01,2006,4,Tucuman,2873,HyG,SIPA-AFIP/OEDE
